INSERT INTO customers (id, name, credit_code, industry, category, province, city, district, address, source, status, created_at, updated_at) VALUES (1, '北京安防公司#1', '91331001MA10001', '安防工程', 'normal', '北京市', '北京市', '中心区', '北京市某街某号', 'referral', 'active', NOW(), NOW()) ON CONFLICT (id) DO NOTHING;
INSERT INTO customers (id, name, credit_code, industry, category, province, city, district, address, source, status, created_at, updated_at) VALUES (2, '上海安防公司#2', '91331002MA10002', '安防工程', 'normal', '上海市', '上海市', '中心区', '上海市某街某号', 'referral', 'active', NOW(), NOW()) ON CONFLICT (id) DO NOTHING;
INSERT INTO customers (id, name, credit_code, industry, category, province, city, district, address, source, status, created_at, updated_at) VALUES (3, '广州安防公司#3', '91331003MA10003', '安防工程', 'normal', '广州市', '广州市', '中心区', '广州市某街某号', 'referral', 'active', NOW(), NOW()) ON CONFLICT (id) DO NOTHING;
INSERT INTO customers (id, name, credit_code, industry, category, province, city, district, address, source, status, created_at, updated_at) VALUES (4, '深圳安防公司#4', '91331004MA10004', '安防工程', 'normal', '深圳市', '深圳市', '中心区', '深圳市某街某号', 'referral', 'active', NOW(), NOW()) ON CONFLICT (id) DO NOTHING;
INSERT INTO customers (id, name, credit_code, industry, category, province, city, district, address, source, status, created_at, updated_at) VALUES (5, '杭州安防公司#5', '91331005MA10005', '安防工程', 'normal', '杭州市', '杭州市', '中心区', '杭州市某街某号', 'referral', 'active', NOW(), NOW()) ON CONFLICT (id) DO NOTHING;
INSERT INTO customers (id, name, credit_code, industry, category, province, city, district, address, source, status, created_at, updated_at) VALUES (6, '成都安防公司#6', '91331006MA10006', '安防工程', 'normal', '成都市', '成都市', '中心区', '成都市某街某号', 'referral', 'active', NOW(), NOW()) ON CONFLICT (id) DO NOTHING;
INSERT INTO customers (id, name, credit_code, industry, category, province, city, district, address, source, status, created_at, updated_at) VALUES (7, '西安安防公司#7', '91331007MA10007', '安防工程', 'normal', '西安市', '西安市', '中心区', '西安市某街某号', 'referral', 'active', NOW(), NOW()) ON CONFLICT (id) DO NOTHING;
INSERT INTO customers (id, name, credit_code, industry, category, province, city, district, address, source, status, created_at, updated_at) VALUES (8, '武汉安防公司#8', '91331008MA10008', '安防工程', 'normal', '武汉市', '武汉市', '中心区', '武汉市某街某号', 'referral', 'active', NOW(), NOW()) ON CONFLICT (id) DO NOTHING;
INSERT INTO customers (id, name, credit_code, industry, category, province, city, district, address, source, status, created_at, updated_at) VALUES (9, '南京安防公司#9', '91331009MA10009', '安防工程', 'normal', '南京市', '南京市', '中心区', '南京市某街某号', 'referral', 'active', NOW(), NOW()) ON CONFLICT (id) DO NOTHING;
INSERT INTO customers (id, name, credit_code, industry, category, province, city, district, address, source, status, created_at, updated_at) VALUES (10, '苏州安防公司#10', '91331010MA10010', '安防工程', 'normal', '苏州市', '苏州市', '中心区', '苏州市某街某号', 'referral', 'active', NOW(), NOW()) ON CONFLICT (id) DO NOTHING;
INSERT INTO customers (id, name, credit_code, industry, category, province, city, district, address, source, status, created_at, updated_at) VALUES (11, '天津安防公司#11', '91331011MA10011', '安防工程', 'normal', '天津市', '天津市', '中心区', '天津市某街某号', 'referral', 'active', NOW(), NOW()) ON CONFLICT (id) DO NOTHING;
INSERT INTO customers (id, name, credit_code, industry, category, province, city, district, address, source, status, created_at, updated_at) VALUES (12, '青岛安防公司#12', '91331012MA10012', '安防工程', 'normal', '青岛市', '青岛市', '中心区', '青岛市某街某号', 'referral', 'active', NOW(), NOW()) ON CONFLICT (id) DO NOTHING;
INSERT INTO customers (id, name, credit_code, industry, category, province, city, district, address, source, status, created_at, updated_at) VALUES (13, '大连安防公司#13', '91331013MA10013', '安防工程', 'normal', '大连市', '大连市', '中心区', '大连市某街某号', 'referral', 'active', NOW(), NOW()) ON CONFLICT (id) DO NOTHING;
INSERT INTO customers (id, name, credit_code, industry, category, province, city, district, address, source, status, created_at, updated_at) VALUES (14, '厦门安防公司#14', '91331014MA10014', '安防工程', 'normal', '厦门市', '厦门市', '中心区', '厦门市某街某号', 'referral', 'active', NOW(), NOW()) ON CONFLICT (id) DO NOTHING;
INSERT INTO customers (id, name, credit_code, industry, category, province, city, district, address, source, status, created_at, updated_at) VALUES (15, '济南安防公司#15', '91331015MA10015', '安防工程', 'normal', '济南市', '济南市', '中心区', '济南市某街某号', 'referral', 'active', NOW(), NOW()) ON CONFLICT (id) DO NOTHING;
INSERT INTO customers (id, name, credit_code, industry, category, province, city, district, address, source, status, created_at, updated_at) VALUES (16, '福州安防公司#16', '91331016MA10016', '安防工程', 'normal', '福州市', '福州市', '中心区', '福州市某街某号', 'referral', 'active', NOW(), NOW()) ON CONFLICT (id) DO NOTHING;
INSERT INTO customers (id, name, credit_code, industry, category, province, city, district, address, source, status, created_at, updated_at) VALUES (17, '宁波安防公司#17', '91331017MA10017', '安防工程', 'normal', '宁波市', '宁波市', '中心区', '宁波市某街某号', 'referral', 'active', NOW(), NOW()) ON CONFLICT (id) DO NOTHING;
INSERT INTO customers (id, name, credit_code, industry, category, province, city, district, address, source, status, created_at, updated_at) VALUES (18, '温州安防公司#18', '91331018MA10018', '安防工程', 'normal', '温州市', '温州市', '中心区', '温州市某街某号', 'referral', 'active', NOW(), NOW()) ON CONFLICT (id) DO NOTHING;
INSERT INTO customers (id, name, credit_code, industry, category, province, city, district, address, source, status, created_at, updated_at) VALUES (19, '佛山安防公司#19', '91331019MA10019', '安防工程', 'normal', '佛山市', '佛山市', '中心区', '佛山市某街某号', 'referral', 'active', NOW(), NOW()) ON CONFLICT (id) DO NOTHING;
INSERT INTO customers (id, name, credit_code, industry, category, province, city, district, address, source, status, created_at, updated_at) VALUES (20, '东莞安防公司#20', '91331020MA10020', '安防工程', 'normal', '东莞市', '东莞市', '中心区', '东莞市某街某号', 'referral', 'active', NOW(), NOW()) ON CONFLICT (id) DO NOTHING;
INSERT INTO customers (id, name, credit_code, industry, category, province, city, district, address, source, status, created_at, updated_at) VALUES (21, '北京安防公司#21', '91331021MA10021', '安防工程', 'normal', '北京市', '北京市', '中心区', '北京市某街某号', 'referral', 'active', NOW(), NOW()) ON CONFLICT (id) DO NOTHING;
INSERT INTO customers (id, name, credit_code, industry, category, province, city, district, address, source, status, created_at, updated_at) VALUES (22, '上海安防公司#22', '91331022MA10022', '安防工程', 'normal', '上海市', '上海市', '中心区', '上海市某街某号', 'referral', 'active', NOW(), NOW()) ON CONFLICT (id) DO NOTHING;
INSERT INTO customers (id, name, credit_code, industry, category, province, city, district, address, source, status, created_at, updated_at) VALUES (23, '广州安防公司#23', '91331023MA10023', '安防工程', 'normal', '广州市', '广州市', '中心区', '广州市某街某号', 'referral', 'active', NOW(), NOW()) ON CONFLICT (id) DO NOTHING;
INSERT INTO customers (id, name, credit_code, industry, category, province, city, district, address, source, status, created_at, updated_at) VALUES (24, '深圳安防公司#24', '91331024MA10024', '安防工程', 'normal', '深圳市', '深圳市', '中心区', '深圳市某街某号', 'referral', 'active', NOW(), NOW()) ON CONFLICT (id) DO NOTHING;
INSERT INTO customers (id, name, credit_code, industry, category, province, city, district, address, source, status, created_at, updated_at) VALUES (25, '杭州安防公司#25', '91331025MA10025', '安防工程', 'normal', '杭州市', '杭州市', '中心区', '杭州市某街某号', 'referral', 'active', NOW(), NOW()) ON CONFLICT (id) DO NOTHING;
INSERT INTO customers (id, name, credit_code, industry, category, province, city, district, address, source, status, created_at, updated_at) VALUES (26, '成都安防公司#26', '91331026MA10026', '安防工程', 'normal', '成都市', '成都市', '中心区', '成都市某街某号', 'referral', 'active', NOW(), NOW()) ON CONFLICT (id) DO NOTHING;
INSERT INTO customers (id, name, credit_code, industry, category, province, city, district, address, source, status, created_at, updated_at) VALUES (27, '西安安防公司#27', '91331027MA10027', '安防工程', 'normal', '西安市', '西安市', '中心区', '西安市某街某号', 'referral', 'active', NOW(), NOW()) ON CONFLICT (id) DO NOTHING;
INSERT INTO customers (id, name, credit_code, industry, category, province, city, district, address, source, status, created_at, updated_at) VALUES (28, '武汉安防公司#28', '91331028MA10028', '安防工程', 'normal', '武汉市', '武汉市', '中心区', '武汉市某街某号', 'referral', 'active', NOW(), NOW()) ON CONFLICT (id) DO NOTHING;
INSERT INTO customers (id, name, credit_code, industry, category, province, city, district, address, source, status, created_at, updated_at) VALUES (29, '南京安防公司#29', '91331029MA10029', '安防工程', 'normal', '南京市', '南京市', '中心区', '南京市某街某号', 'referral', 'active', NOW(), NOW()) ON CONFLICT (id) DO NOTHING;
INSERT INTO customers (id, name, credit_code, industry, category, province, city, district, address, source, status, created_at, updated_at) VALUES (30, '苏州安防公司#30', '91331030MA10030', '安防工程', 'normal', '苏州市', '苏州市', '中心区', '苏州市某街某号', 'referral', 'active', NOW(), NOW()) ON CONFLICT (id) DO NOTHING;
INSERT INTO customers (id, name, credit_code, industry, category, province, city, district, address, source, status, created_at, updated_at) VALUES (31, '天津安防公司#31', '91331031MA10031', '安防工程', 'normal', '天津市', '天津市', '中心区', '天津市某街某号', 'referral', 'active', NOW(), NOW()) ON CONFLICT (id) DO NOTHING;
INSERT INTO customers (id, name, credit_code, industry, category, province, city, district, address, source, status, created_at, updated_at) VALUES (32, '青岛安防公司#32', '91331032MA10032', '安防工程', 'normal', '青岛市', '青岛市', '中心区', '青岛市某街某号', 'referral', 'active', NOW(), NOW()) ON CONFLICT (id) DO NOTHING;
INSERT INTO customers (id, name, credit_code, industry, category, province, city, district, address, source, status, created_at, updated_at) VALUES (33, '大连安防公司#33', '91331033MA10033', '安防工程', 'normal', '大连市', '大连市', '中心区', '大连市某街某号', 'referral', 'active', NOW(), NOW()) ON CONFLICT (id) DO NOTHING;
INSERT INTO customers (id, name, credit_code, industry, category, province, city, district, address, source, status, created_at, updated_at) VALUES (34, '厦门安防公司#34', '91331034MA10034', '安防工程', 'normal', '厦门市', '厦门市', '中心区', '厦门市某街某号', 'referral', 'active', NOW(), NOW()) ON CONFLICT (id) DO NOTHING;
INSERT INTO customers (id, name, credit_code, industry, category, province, city, district, address, source, status, created_at, updated_at) VALUES (35, '济南安防公司#35', '91331035MA10035', '安防工程', 'normal', '济南市', '济南市', '中心区', '济南市某街某号', 'referral', 'active', NOW(), NOW()) ON CONFLICT (id) DO NOTHING;
INSERT INTO customers (id, name, credit_code, industry, category, province, city, district, address, source, status, created_at, updated_at) VALUES (36, '福州安防公司#36', '91331036MA10036', '安防工程', 'normal', '福州市', '福州市', '中心区', '福州市某街某号', 'referral', 'active', NOW(), NOW()) ON CONFLICT (id) DO NOTHING;
INSERT INTO customers (id, name, credit_code, industry, category, province, city, district, address, source, status, created_at, updated_at) VALUES (37, '宁波安防公司#37', '91331037MA10037', '安防工程', 'normal', '宁波市', '宁波市', '中心区', '宁波市某街某号', 'referral', 'active', NOW(), NOW()) ON CONFLICT (id) DO NOTHING;
INSERT INTO customers (id, name, credit_code, industry, category, province, city, district, address, source, status, created_at, updated_at) VALUES (38, '温州安防公司#38', '91331038MA10038', '安防工程', 'normal', '温州市', '温州市', '中心区', '温州市某街某号', 'referral', 'active', NOW(), NOW()) ON CONFLICT (id) DO NOTHING;
INSERT INTO customers (id, name, credit_code, industry, category, province, city, district, address, source, status, created_at, updated_at) VALUES (39, '佛山安防公司#39', '91331039MA10039', '安防工程', 'normal', '佛山市', '佛山市', '中心区', '佛山市某街某号', 'referral', 'active', NOW(), NOW()) ON CONFLICT (id) DO NOTHING;
INSERT INTO customers (id, name, credit_code, industry, category, province, city, district, address, source, status, created_at, updated_at) VALUES (40, '东莞安防公司#40', '91331040MA10040', '安防工程', 'normal', '东莞市', '东莞市', '中心区', '东莞市某街某号', 'referral', 'active', NOW(), NOW()) ON CONFLICT (id) DO NOTHING;
BEGIN;
SET LOCAL synchronous_commit = OFF;
INSERT INTO projects (id, project_no, name, customer_id, type, stage, status,
            budget_device, budget_material, budget_labor, budget_outsource, budget_other,
            progress, manager_id, start_date, end_date, actual_end_date, priority, created_at, updated_at)
            VALUES (72, 'PRJ-2026-0072', '上海市立项类项目#1', 1, 'alarm',
            'initiation', 'in_progress', 110000, 27500,
            22000, 11000, 5500, 25,
            9, DATE '2026-02-01', DATE '2026-05-30', DATE '2026-04-15',
            'medium', NOW(), NOW()) ON CONFLICT (id) DO NOTHING;
INSERT INTO projects (id, project_no, name, customer_id, type, stage, status,
            budget_device, budget_material, budget_labor, budget_outsource, budget_other,
            progress, manager_id, start_date, end_date, actual_end_date, priority, created_at, updated_at)
            VALUES (73, 'PRJ-2026-0073', '广州市合同类项目#2', 2, 'access',
            'contract', 'in_progress', 120000, 30000,
            24000, 12000, 6000, 40,
            10, DATE '2026-03-01', DATE '2026-06-30', DATE '2026-05-15',
            'low', NOW(), NOW()) ON CONFLICT (id) DO NOTHING;
INSERT INTO projects (id, project_no, name, customer_id, type, stage, status,
            budget_device, budget_material, budget_labor, budget_outsource, budget_other,
            progress, manager_id, start_date, end_date, actual_end_date, priority, created_at, updated_at)
            VALUES (74, 'PRJ-2026-0074', '深圳市采购类项目#3', 3, 'patrol',
            'purchase', 'in_progress', 130000, 32500,
            26000, 13000, 6500, 55,
            11, DATE '2026-04-01', DATE '2026-07-30', DATE '2026-06-15',
            'high', NOW(), NOW()) ON CONFLICT (id) DO NOTHING;
INSERT INTO projects (id, project_no, name, customer_id, type, stage, status,
            budget_device, budget_material, budget_labor, budget_outsource, budget_other,
            progress, manager_id, start_date, end_date, actual_end_date, priority, created_at, updated_at)
            VALUES (75, 'PRJ-2026-0075', '杭州市施工类项目#4', 4, 'integrated',
            'construction', 'in_progress', 140000, 35000,
            28000, 14000, 7000, 70,
            13, DATE '2026-05-01', DATE '2026-08-30', DATE '2026-06-15',
            'medium', NOW(), NOW()) ON CONFLICT (id) DO NOTHING;
INSERT INTO projects (id, project_no, name, customer_id, type, stage, status,
            budget_device, budget_material, budget_labor, budget_outsource, budget_other,
            progress, manager_id, start_date, end_date, actual_end_date, priority, created_at, updated_at)
            VALUES (76, 'PRJ-2026-0076', '成都市结算类项目#5', 5, 'camera',
            'settlement', 'in_progress', 150000, 37500,
            30000, 15000, 7500, 90,
            8, DATE '2026-06-01', DATE '2026-09-30', DATE '2026-06-15',
            'low', NOW(), NOW()) ON CONFLICT (id) DO NOTHING;
INSERT INTO projects (id, project_no, name, customer_id, type, stage, status,
            budget_device, budget_material, budget_labor, budget_outsource, budget_other,
            progress, manager_id, start_date, end_date, actual_end_date, priority, created_at, updated_at)
            VALUES (77, 'PRJ-2026-0077', '武汉市维保类项目#6', 6, 'alarm',
            'warranty', 'completed', 160000, 40000,
            32000, 16000, 8000, 100,
            9, DATE '2026-01-01', DATE '2026-04-30', DATE '2026-06-15',
            'high', NOW(), NOW()) ON CONFLICT (id) DO NOTHING;
INSERT INTO projects (id, project_no, name, customer_id, type, stage, status,
            budget_device, budget_material, budget_labor, budget_outsource, budget_other,
            progress, manager_id, start_date, end_date, actual_end_date, priority, created_at, updated_at)
            VALUES (78, 'PRJ-2026-0078', '南京市询价类项目#7', 7, 'access',
            'inquiry', 'in_progress', 170000, 42500,
            34000, 17000, 8500, 10,
            10, DATE '2026-02-01', DATE '2026-05-30', NULL,
            'medium', NOW(), NOW()) ON CONFLICT (id) DO NOTHING;
INSERT INTO projects (id, project_no, name, customer_id, type, stage, status,
            budget_device, budget_material, budget_labor, budget_outsource, budget_other,
            progress, manager_id, start_date, end_date, actual_end_date, priority, created_at, updated_at)
            VALUES (79, 'PRJ-2026-0079', '西安市立项类项目#8', 8, 'patrol',
            'initiation', 'in_progress', 180000, 45000,
            36000, 18000, 9000, 25,
            11, DATE '2026-03-01', DATE '2026-06-30', DATE '2026-04-15',
            'low', NOW(), NOW()) ON CONFLICT (id) DO NOTHING;
INSERT INTO projects (id, project_no, name, customer_id, type, stage, status,
            budget_device, budget_material, budget_labor, budget_outsource, budget_other,
            progress, manager_id, start_date, end_date, actual_end_date, priority, created_at, updated_at)
            VALUES (80, 'PRJ-2026-0080', '重庆市合同类项目#9', 9, 'integrated',
            'contract', 'in_progress', 190000, 47500,
            38000, 19000, 9500, 40,
            13, DATE '2026-04-01', DATE '2026-07-30', DATE '2026-05-15',
            'high', NOW(), NOW()) ON CONFLICT (id) DO NOTHING;
INSERT INTO projects (id, project_no, name, customer_id, type, stage, status,
            budget_device, budget_material, budget_labor, budget_outsource, budget_other,
            progress, manager_id, start_date, end_date, actual_end_date, priority, created_at, updated_at)
            VALUES (81, 'PRJ-2026-0081', '北京市采购类项目#10', 10, 'camera',
            'purchase', 'in_progress', 200000, 50000,
            40000, 20000, 10000, 55,
            8, DATE '2026-05-01', DATE '2026-08-30', DATE '2026-06-15',
            'medium', NOW(), NOW()) ON CONFLICT (id) DO NOTHING;
INSERT INTO projects (id, project_no, name, customer_id, type, stage, status,
            budget_device, budget_material, budget_labor, budget_outsource, budget_other,
            progress, manager_id, start_date, end_date, actual_end_date, priority, created_at, updated_at)
            VALUES (82, 'PRJ-2026-0082', '上海市施工类项目#11', 11, 'alarm',
            'construction', 'in_progress', 210000, 52500,
            42000, 21000, 10500, 70,
            9, DATE '2026-06-01', DATE '2026-09-30', DATE '2026-06-15',
            'low', NOW(), NOW()) ON CONFLICT (id) DO NOTHING;
INSERT INTO projects (id, project_no, name, customer_id, type, stage, status,
            budget_device, budget_material, budget_labor, budget_outsource, budget_other,
            progress, manager_id, start_date, end_date, actual_end_date, priority, created_at, updated_at)
            VALUES (83, 'PRJ-2026-0083', '广州市结算类项目#12', 12, 'access',
            'settlement', 'in_progress', 220000, 55000,
            44000, 22000, 11000, 90,
            10, DATE '2026-01-01', DATE '2026-04-30', DATE '2026-06-15',
            'high', NOW(), NOW()) ON CONFLICT (id) DO NOTHING;
INSERT INTO projects (id, project_no, name, customer_id, type, stage, status,
            budget_device, budget_material, budget_labor, budget_outsource, budget_other,
            progress, manager_id, start_date, end_date, actual_end_date, priority, created_at, updated_at)
            VALUES (84, 'PRJ-2026-0084', '深圳市维保类项目#13', 13, 'patrol',
            'warranty', 'completed', 230000, 57500,
            46000, 23000, 11500, 100,
            11, DATE '2026-02-01', DATE '2026-05-30', DATE '2026-06-15',
            'medium', NOW(), NOW()) ON CONFLICT (id) DO NOTHING;
INSERT INTO projects (id, project_no, name, customer_id, type, stage, status,
            budget_device, budget_material, budget_labor, budget_outsource, budget_other,
            progress, manager_id, start_date, end_date, actual_end_date, priority, created_at, updated_at)
            VALUES (85, 'PRJ-2026-0085', '杭州市询价类项目#14', 14, 'integrated',
            'inquiry', 'in_progress', 240000, 60000,
            48000, 24000, 12000, 10,
            13, DATE '2026-03-01', DATE '2026-06-30', NULL,
            'low', NOW(), NOW()) ON CONFLICT (id) DO NOTHING;
INSERT INTO projects (id, project_no, name, customer_id, type, stage, status,
            budget_device, budget_material, budget_labor, budget_outsource, budget_other,
            progress, manager_id, start_date, end_date, actual_end_date, priority, created_at, updated_at)
            VALUES (86, 'PRJ-2026-0086', '成都市立项类项目#15', 15, 'camera',
            'initiation', 'in_progress', 250000, 62500,
            50000, 25000, 12500, 25,
            8, DATE '2026-04-01', DATE '2026-07-30', DATE '2026-04-15',
            'high', NOW(), NOW()) ON CONFLICT (id) DO NOTHING;
INSERT INTO projects (id, project_no, name, customer_id, type, stage, status,
            budget_device, budget_material, budget_labor, budget_outsource, budget_other,
            progress, manager_id, start_date, end_date, actual_end_date, priority, created_at, updated_at)
            VALUES (87, 'PRJ-2026-0087', '武汉市合同类项目#16', 16, 'alarm',
            'contract', 'in_progress', 260000, 65000,
            52000, 26000, 13000, 40,
            9, DATE '2026-05-01', DATE '2026-08-30', DATE '2026-05-15',
            'medium', NOW(), NOW()) ON CONFLICT (id) DO NOTHING;
INSERT INTO projects (id, project_no, name, customer_id, type, stage, status,
            budget_device, budget_material, budget_labor, budget_outsource, budget_other,
            progress, manager_id, start_date, end_date, actual_end_date, priority, created_at, updated_at)
            VALUES (88, 'PRJ-2026-0088', '南京市采购类项目#17', 17, 'access',
            'purchase', 'in_progress', 270000, 67500,
            54000, 27000, 13500, 55,
            10, DATE '2026-06-01', DATE '2026-09-30', DATE '2026-06-15',
            'low', NOW(), NOW()) ON CONFLICT (id) DO NOTHING;
INSERT INTO projects (id, project_no, name, customer_id, type, stage, status,
            budget_device, budget_material, budget_labor, budget_outsource, budget_other,
            progress, manager_id, start_date, end_date, actual_end_date, priority, created_at, updated_at)
            VALUES (89, 'PRJ-2026-0089', '西安市施工类项目#18', 18, 'patrol',
            'construction', 'in_progress', 280000, 70000,
            56000, 28000, 14000, 70,
            11, DATE '2026-01-01', DATE '2026-04-30', DATE '2026-06-15',
            'high', NOW(), NOW()) ON CONFLICT (id) DO NOTHING;
INSERT INTO projects (id, project_no, name, customer_id, type, stage, status,
            budget_device, budget_material, budget_labor, budget_outsource, budget_other,
            progress, manager_id, start_date, end_date, actual_end_date, priority, created_at, updated_at)
            VALUES (90, 'PRJ-2026-0090', '重庆市结算类项目#19', 19, 'integrated',
            'settlement', 'in_progress', 290000, 72500,
            58000, 29000, 14500, 90,
            13, DATE '2026-02-01', DATE '2026-05-30', DATE '2026-06-15',
            'medium', NOW(), NOW()) ON CONFLICT (id) DO NOTHING;
INSERT INTO projects (id, project_no, name, customer_id, type, stage, status,
            budget_device, budget_material, budget_labor, budget_outsource, budget_other,
            progress, manager_id, start_date, end_date, actual_end_date, priority, created_at, updated_at)
            VALUES (91, 'PRJ-2026-0091', '北京市维保类项目#20', 20, 'camera',
            'warranty', 'completed', 300000, 75000,
            60000, 30000, 15000, 100,
            8, DATE '2026-03-01', DATE '2026-06-30', DATE '2026-06-15',
            'low', NOW(), NOW()) ON CONFLICT (id) DO NOTHING;
INSERT INTO projects (id, project_no, name, customer_id, type, stage, status,
            budget_device, budget_material, budget_labor, budget_outsource, budget_other,
            progress, manager_id, start_date, end_date, actual_end_date, priority, created_at, updated_at)
            VALUES (92, 'PRJ-2026-0092', '上海市询价类项目#21', 21, 'alarm',
            'inquiry', 'in_progress', 310000, 77500,
            62000, 31000, 15500, 10,
            9, DATE '2026-04-01', DATE '2026-07-30', NULL,
            'high', NOW(), NOW()) ON CONFLICT (id) DO NOTHING;
INSERT INTO projects (id, project_no, name, customer_id, type, stage, status,
            budget_device, budget_material, budget_labor, budget_outsource, budget_other,
            progress, manager_id, start_date, end_date, actual_end_date, priority, created_at, updated_at)
            VALUES (93, 'PRJ-2026-0093', '广州市立项类项目#22', 22, 'access',
            'initiation', 'in_progress', 320000, 80000,
            64000, 32000, 16000, 25,
            10, DATE '2026-05-01', DATE '2026-08-30', DATE '2026-04-15',
            'medium', NOW(), NOW()) ON CONFLICT (id) DO NOTHING;
INSERT INTO projects (id, project_no, name, customer_id, type, stage, status,
            budget_device, budget_material, budget_labor, budget_outsource, budget_other,
            progress, manager_id, start_date, end_date, actual_end_date, priority, created_at, updated_at)
            VALUES (94, 'PRJ-2026-0094', '深圳市合同类项目#23', 23, 'patrol',
            'contract', 'in_progress', 330000, 82500,
            66000, 33000, 16500, 40,
            11, DATE '2026-06-01', DATE '2026-09-30', DATE '2026-05-15',
            'low', NOW(), NOW()) ON CONFLICT (id) DO NOTHING;
INSERT INTO projects (id, project_no, name, customer_id, type, stage, status,
            budget_device, budget_material, budget_labor, budget_outsource, budget_other,
            progress, manager_id, start_date, end_date, actual_end_date, priority, created_at, updated_at)
            VALUES (95, 'PRJ-2026-0095', '杭州市采购类项目#24', 24, 'integrated',
            'purchase', 'in_progress', 340000, 85000,
            68000, 34000, 17000, 55,
            13, DATE '2026-01-01', DATE '2026-04-30', DATE '2026-06-15',
            'high', NOW(), NOW()) ON CONFLICT (id) DO NOTHING;
INSERT INTO projects (id, project_no, name, customer_id, type, stage, status,
            budget_device, budget_material, budget_labor, budget_outsource, budget_other,
            progress, manager_id, start_date, end_date, actual_end_date, priority, created_at, updated_at)
            VALUES (96, 'PRJ-2026-0096', '成都市施工类项目#25', 25, 'camera',
            'construction', 'in_progress', 350000, 87500,
            70000, 35000, 17500, 70,
            8, DATE '2026-02-01', DATE '2026-05-30', DATE '2026-06-15',
            'medium', NOW(), NOW()) ON CONFLICT (id) DO NOTHING;
INSERT INTO projects (id, project_no, name, customer_id, type, stage, status,
            budget_device, budget_material, budget_labor, budget_outsource, budget_other,
            progress, manager_id, start_date, end_date, actual_end_date, priority, created_at, updated_at)
            VALUES (97, 'PRJ-2026-0097', '武汉市结算类项目#26', 26, 'alarm',
            'settlement', 'in_progress', 360000, 90000,
            72000, 36000, 18000, 90,
            9, DATE '2026-03-01', DATE '2026-06-30', DATE '2026-06-15',
            'low', NOW(), NOW()) ON CONFLICT (id) DO NOTHING;
INSERT INTO projects (id, project_no, name, customer_id, type, stage, status,
            budget_device, budget_material, budget_labor, budget_outsource, budget_other,
            progress, manager_id, start_date, end_date, actual_end_date, priority, created_at, updated_at)
            VALUES (98, 'PRJ-2026-0098', '南京市维保类项目#27', 27, 'access',
            'warranty', 'completed', 370000, 92500,
            74000, 37000, 18500, 100,
            10, DATE '2026-04-01', DATE '2026-07-30', DATE '2026-06-15',
            'high', NOW(), NOW()) ON CONFLICT (id) DO NOTHING;
INSERT INTO projects (id, project_no, name, customer_id, type, stage, status,
            budget_device, budget_material, budget_labor, budget_outsource, budget_other,
            progress, manager_id, start_date, end_date, actual_end_date, priority, created_at, updated_at)
            VALUES (99, 'PRJ-2026-0099', '西安市询价类项目#28', 29, 'patrol',
            'inquiry', 'in_progress', 380000, 95000,
            76000, 38000, 19000, 10,
            11, DATE '2026-05-01', DATE '2026-08-30', NULL,
            'medium', NOW(), NOW()) ON CONFLICT (id) DO NOTHING;
INSERT INTO projects (id, project_no, name, customer_id, type, stage, status,
            budget_device, budget_material, budget_labor, budget_outsource, budget_other,
            progress, manager_id, start_date, end_date, actual_end_date, priority, created_at, updated_at)
            VALUES (100, 'PRJ-2026-0100', '重庆市立项类项目#29', 30, 'integrated',
            'initiation', 'in_progress', 390000, 97500,
            78000, 39000, 19500, 25,
            13, DATE '2026-06-01', DATE '2026-09-30', DATE '2026-04-15',
            'low', NOW(), NOW()) ON CONFLICT (id) DO NOTHING;
INSERT INTO projects (id, project_no, name, customer_id, type, stage, status,
            budget_device, budget_material, budget_labor, budget_outsource, budget_other,
            progress, manager_id, start_date, end_date, actual_end_date, priority, created_at, updated_at)
            VALUES (101, 'PRJ-2026-0101', '北京市合同类项目#30', 31, 'camera',
            'contract', 'in_progress', 400000, 100000,
            80000, 40000, 20000, 40,
            8, DATE '2026-01-01', DATE '2026-04-30', DATE '2026-05-15',
            'high', NOW(), NOW()) ON CONFLICT (id) DO NOTHING;
INSERT INTO projects (id, project_no, name, customer_id, type, stage, status,
            budget_device, budget_material, budget_labor, budget_outsource, budget_other,
            progress, manager_id, start_date, end_date, actual_end_date, priority, created_at, updated_at)
            VALUES (102, 'PRJ-2026-0102', '上海市采购类项目#31', 1, 'alarm',
            'purchase', 'in_progress', 410000, 102500,
            82000, 41000, 20500, 55,
            9, DATE '2026-02-01', DATE '2026-05-30', DATE '2026-06-15',
            'medium', NOW(), NOW()) ON CONFLICT (id) DO NOTHING;
INSERT INTO projects (id, project_no, name, customer_id, type, stage, status,
            budget_device, budget_material, budget_labor, budget_outsource, budget_other,
            progress, manager_id, start_date, end_date, actual_end_date, priority, created_at, updated_at)
            VALUES (103, 'PRJ-2026-0103', '广州市施工类项目#32', 2, 'access',
            'construction', 'in_progress', 420000, 105000,
            84000, 42000, 21000, 70,
            10, DATE '2026-03-01', DATE '2026-06-30', DATE '2026-06-15',
            'low', NOW(), NOW()) ON CONFLICT (id) DO NOTHING;
INSERT INTO projects (id, project_no, name, customer_id, type, stage, status,
            budget_device, budget_material, budget_labor, budget_outsource, budget_other,
            progress, manager_id, start_date, end_date, actual_end_date, priority, created_at, updated_at)
            VALUES (104, 'PRJ-2026-0104', '深圳市结算类项目#33', 3, 'patrol',
            'settlement', 'in_progress', 430000, 107500,
            86000, 43000, 21500, 90,
            11, DATE '2026-04-01', DATE '2026-07-30', DATE '2026-06-15',
            'high', NOW(), NOW()) ON CONFLICT (id) DO NOTHING;
INSERT INTO projects (id, project_no, name, customer_id, type, stage, status,
            budget_device, budget_material, budget_labor, budget_outsource, budget_other,
            progress, manager_id, start_date, end_date, actual_end_date, priority, created_at, updated_at)
            VALUES (105, 'PRJ-2026-0105', '杭州市维保类项目#34', 4, 'integrated',
            'warranty', 'completed', 440000, 110000,
            88000, 44000, 22000, 100,
            13, DATE '2026-05-01', DATE '2026-08-30', DATE '2026-06-15',
            'medium', NOW(), NOW()) ON CONFLICT (id) DO NOTHING;
INSERT INTO projects (id, project_no, name, customer_id, type, stage, status,
            budget_device, budget_material, budget_labor, budget_outsource, budget_other,
            progress, manager_id, start_date, end_date, actual_end_date, priority, created_at, updated_at)
            VALUES (106, 'PRJ-2026-0106', '成都市询价类项目#35', 5, 'camera',
            'inquiry', 'in_progress', 450000, 112500,
            90000, 45000, 22500, 10,
            8, DATE '2026-06-01', DATE '2026-09-30', NULL,
            'low', NOW(), NOW()) ON CONFLICT (id) DO NOTHING;
INSERT INTO projects (id, project_no, name, customer_id, type, stage, status,
            budget_device, budget_material, budget_labor, budget_outsource, budget_other,
            progress, manager_id, start_date, end_date, actual_end_date, priority, created_at, updated_at)
            VALUES (107, 'PRJ-2026-0107', '武汉市立项类项目#36', 6, 'alarm',
            'initiation', 'in_progress', 460000, 115000,
            92000, 46000, 23000, 25,
            9, DATE '2026-01-01', DATE '2026-04-30', DATE '2026-04-15',
            'high', NOW(), NOW()) ON CONFLICT (id) DO NOTHING;
INSERT INTO projects (id, project_no, name, customer_id, type, stage, status,
            budget_device, budget_material, budget_labor, budget_outsource, budget_other,
            progress, manager_id, start_date, end_date, actual_end_date, priority, created_at, updated_at)
            VALUES (108, 'PRJ-2026-0108', '南京市合同类项目#37', 7, 'access',
            'contract', 'in_progress', 470000, 117500,
            94000, 47000, 23500, 40,
            10, DATE '2026-02-01', DATE '2026-05-30', DATE '2026-05-15',
            'medium', NOW(), NOW()) ON CONFLICT (id) DO NOTHING;
INSERT INTO projects (id, project_no, name, customer_id, type, stage, status,
            budget_device, budget_material, budget_labor, budget_outsource, budget_other,
            progress, manager_id, start_date, end_date, actual_end_date, priority, created_at, updated_at)
            VALUES (109, 'PRJ-2026-0109', '西安市采购类项目#38', 8, 'patrol',
            'purchase', 'in_progress', 480000, 120000,
            96000, 48000, 24000, 55,
            11, DATE '2026-03-01', DATE '2026-06-30', DATE '2026-06-15',
            'low', NOW(), NOW()) ON CONFLICT (id) DO NOTHING;
INSERT INTO projects (id, project_no, name, customer_id, type, stage, status,
            budget_device, budget_material, budget_labor, budget_outsource, budget_other,
            progress, manager_id, start_date, end_date, actual_end_date, priority, created_at, updated_at)
            VALUES (110, 'PRJ-2026-0110', '重庆市施工类项目#39', 9, 'integrated',
            'construction', 'in_progress', 490000, 122500,
            98000, 49000, 24500, 70,
            13, DATE '2026-04-01', DATE '2026-07-30', DATE '2026-06-15',
            'high', NOW(), NOW()) ON CONFLICT (id) DO NOTHING;
INSERT INTO projects (id, project_no, name, customer_id, type, stage, status,
            budget_device, budget_material, budget_labor, budget_outsource, budget_other,
            progress, manager_id, start_date, end_date, actual_end_date, priority, created_at, updated_at)
            VALUES (111, 'PRJ-2026-0111', '北京市结算类项目#40', 10, 'camera',
            'settlement', 'in_progress', 500000, 125000,
            100000, 50000, 25000, 90,
            8, DATE '2026-05-01', DATE '2026-08-30', DATE '2026-06-15',
            'medium', NOW(), NOW()) ON CONFLICT (id) DO NOTHING;
INSERT INTO projects (id, project_no, name, customer_id, type, stage, status,
            budget_device, budget_material, budget_labor, budget_outsource, budget_other,
            progress, manager_id, start_date, end_date, actual_end_date, priority, created_at, updated_at)
            VALUES (112, 'PRJ-2026-0112', '上海市维保类项目#41', 11, 'alarm',
            'warranty', 'completed', 510000, 127500,
            102000, 51000, 25500, 100,
            9, DATE '2026-06-01', DATE '2026-09-30', DATE '2026-06-15',
            'low', NOW(), NOW()) ON CONFLICT (id) DO NOTHING;
INSERT INTO projects (id, project_no, name, customer_id, type, stage, status,
            budget_device, budget_material, budget_labor, budget_outsource, budget_other,
            progress, manager_id, start_date, end_date, actual_end_date, priority, created_at, updated_at)
            VALUES (113, 'PRJ-2026-0113', '广州市询价类项目#42', 12, 'access',
            'inquiry', 'in_progress', 520000, 130000,
            104000, 52000, 26000, 10,
            10, DATE '2026-01-01', DATE '2026-04-30', NULL,
            'high', NOW(), NOW()) ON CONFLICT (id) DO NOTHING;
INSERT INTO projects (id, project_no, name, customer_id, type, stage, status,
            budget_device, budget_material, budget_labor, budget_outsource, budget_other,
            progress, manager_id, start_date, end_date, actual_end_date, priority, created_at, updated_at)
            VALUES (114, 'PRJ-2026-0114', '深圳市立项类项目#43', 13, 'patrol',
            'initiation', 'in_progress', 530000, 132500,
            106000, 53000, 26500, 25,
            11, DATE '2026-02-01', DATE '2026-05-30', DATE '2026-04-15',
            'medium', NOW(), NOW()) ON CONFLICT (id) DO NOTHING;
INSERT INTO projects (id, project_no, name, customer_id, type, stage, status,
            budget_device, budget_material, budget_labor, budget_outsource, budget_other,
            progress, manager_id, start_date, end_date, actual_end_date, priority, created_at, updated_at)
            VALUES (115, 'PRJ-2026-0115', '杭州市合同类项目#44', 14, 'integrated',
            'contract', 'in_progress', 540000, 135000,
            108000, 54000, 27000, 40,
            13, DATE '2026-03-01', DATE '2026-06-30', DATE '2026-05-15',
            'low', NOW(), NOW()) ON CONFLICT (id) DO NOTHING;
INSERT INTO projects (id, project_no, name, customer_id, type, stage, status,
            budget_device, budget_material, budget_labor, budget_outsource, budget_other,
            progress, manager_id, start_date, end_date, actual_end_date, priority, created_at, updated_at)
            VALUES (116, 'PRJ-2026-0116', '成都市采购类项目#45', 15, 'camera',
            'purchase', 'in_progress', 550000, 137500,
            110000, 55000, 27500, 55,
            8, DATE '2026-04-01', DATE '2026-07-30', DATE '2026-06-15',
            'high', NOW(), NOW()) ON CONFLICT (id) DO NOTHING;
INSERT INTO projects (id, project_no, name, customer_id, type, stage, status,
            budget_device, budget_material, budget_labor, budget_outsource, budget_other,
            progress, manager_id, start_date, end_date, actual_end_date, priority, created_at, updated_at)
            VALUES (117, 'PRJ-2026-0117', '武汉市施工类项目#46', 16, 'alarm',
            'construction', 'in_progress', 560000, 140000,
            112000, 56000, 28000, 70,
            9, DATE '2026-05-01', DATE '2026-08-30', DATE '2026-06-15',
            'medium', NOW(), NOW()) ON CONFLICT (id) DO NOTHING;
INSERT INTO projects (id, project_no, name, customer_id, type, stage, status,
            budget_device, budget_material, budget_labor, budget_outsource, budget_other,
            progress, manager_id, start_date, end_date, actual_end_date, priority, created_at, updated_at)
            VALUES (118, 'PRJ-2026-0118', '南京市结算类项目#47', 17, 'access',
            'settlement', 'in_progress', 570000, 142500,
            114000, 57000, 28500, 90,
            10, DATE '2026-06-01', DATE '2026-09-30', DATE '2026-06-15',
            'low', NOW(), NOW()) ON CONFLICT (id) DO NOTHING;
INSERT INTO projects (id, project_no, name, customer_id, type, stage, status,
            budget_device, budget_material, budget_labor, budget_outsource, budget_other,
            progress, manager_id, start_date, end_date, actual_end_date, priority, created_at, updated_at)
            VALUES (119, 'PRJ-2026-0119', '西安市维保类项目#48', 18, 'patrol',
            'warranty', 'completed', 580000, 145000,
            116000, 58000, 29000, 100,
            11, DATE '2026-01-01', DATE '2026-04-30', DATE '2026-06-15',
            'high', NOW(), NOW()) ON CONFLICT (id) DO NOTHING;
INSERT INTO projects (id, project_no, name, customer_id, type, stage, status,
            budget_device, budget_material, budget_labor, budget_outsource, budget_other,
            progress, manager_id, start_date, end_date, actual_end_date, priority, created_at, updated_at)
            VALUES (120, 'PRJ-2026-0120', '重庆市询价类项目#49', 19, 'integrated',
            'inquiry', 'in_progress', 590000, 147500,
            118000, 59000, 29500, 10,
            13, DATE '2026-02-01', DATE '2026-05-30', NULL,
            'medium', NOW(), NOW()) ON CONFLICT (id) DO NOTHING;
INSERT INTO projects (id, project_no, name, customer_id, type, stage, status,
            budget_device, budget_material, budget_labor, budget_outsource, budget_other,
            progress, manager_id, start_date, end_date, actual_end_date, priority, created_at, updated_at)
            VALUES (121, 'PRJ-2026-0121', '北京市立项类项目#50', 20, 'camera',
            'initiation', 'in_progress', 100000, 25000,
            20000, 10000, 5000, 25,
            8, DATE '2026-03-01', DATE '2026-06-30', DATE '2026-04-15',
            'low', NOW(), NOW()) ON CONFLICT (id) DO NOTHING;
INSERT INTO project_contracts (id, project_id, contract_no, contract_amount,
            payment_method, contract_start, contract_end, status, signed_at, created_at, updated_at)
            VALUES (73, 73, 'CT-2026-0073', 192000.0,
            'lump_sum', DATE '2026-03-01', DATE '2026-06-30', 'active',
            TIMESTAMP '2026-02-01 09:00:00', NOW(), NOW()) ON CONFLICT (id) DO NOTHING;
INSERT INTO project_contracts (id, project_id, contract_no, contract_amount,
            payment_method, contract_start, contract_end, status, signed_at, created_at, updated_at)
            VALUES (74, 74, 'CT-2026-0074', 208000.0,
            'installment', DATE '2026-04-01', DATE '2026-07-30', 'completed',
            TIMESTAMP '2026-03-01 09:00:00', NOW(), NOW()) ON CONFLICT (id) DO NOTHING;
INSERT INTO project_contracts (id, project_id, contract_no, contract_amount,
            payment_method, contract_start, contract_end, status, signed_at, created_at, updated_at)
            VALUES (75, 75, 'CT-2026-0075', 224000.0,
            'lump_sum', DATE '2026-05-01', DATE '2026-08-30', 'completed',
            TIMESTAMP '2026-04-01 09:00:00', NOW(), NOW()) ON CONFLICT (id) DO NOTHING;
INSERT INTO project_contracts (id, project_id, contract_no, contract_amount,
            payment_method, contract_start, contract_end, status, signed_at, created_at, updated_at)
            VALUES (76, 76, 'CT-2026-0076', 240000.0,
            'installment', DATE '2026-06-01', DATE '2026-09-30', 'completed',
            TIMESTAMP '2026-05-01 09:00:00', NOW(), NOW()) ON CONFLICT (id) DO NOTHING;
INSERT INTO project_contracts (id, project_id, contract_no, contract_amount,
            payment_method, contract_start, contract_end, status, signed_at, created_at, updated_at)
            VALUES (77, 77, 'CT-2026-0077', 256000.0,
            'lump_sum', DATE '2026-01-01', DATE '2026-04-30', 'completed',
            TIMESTAMP '2026-06-01 09:00:00', NOW(), NOW()) ON CONFLICT (id) DO NOTHING;
INSERT INTO project_contracts (id, project_id, contract_no, contract_amount,
            payment_method, contract_start, contract_end, status, signed_at, created_at, updated_at)
            VALUES (80, 80, 'CT-2026-0080', 304000.0,
            'installment', DATE '2026-04-01', DATE '2026-07-30', 'active',
            TIMESTAMP '2026-03-01 09:00:00', NOW(), NOW()) ON CONFLICT (id) DO NOTHING;
INSERT INTO project_contracts (id, project_id, contract_no, contract_amount,
            payment_method, contract_start, contract_end, status, signed_at, created_at, updated_at)
            VALUES (81, 81, 'CT-2026-0081', 320000.0,
            'lump_sum', DATE '2026-05-01', DATE '2026-08-30', 'completed',
            TIMESTAMP '2026-04-01 09:00:00', NOW(), NOW()) ON CONFLICT (id) DO NOTHING;
INSERT INTO project_contracts (id, project_id, contract_no, contract_amount,
            payment_method, contract_start, contract_end, status, signed_at, created_at, updated_at)
            VALUES (82, 82, 'CT-2026-0082', 336000.0,
            'installment', DATE '2026-06-01', DATE '2026-09-30', 'completed',
            TIMESTAMP '2026-05-01 09:00:00', NOW(), NOW()) ON CONFLICT (id) DO NOTHING;
INSERT INTO project_contracts (id, project_id, contract_no, contract_amount,
            payment_method, contract_start, contract_end, status, signed_at, created_at, updated_at)
            VALUES (83, 83, 'CT-2026-0083', 352000.0,
            'lump_sum', DATE '2026-01-01', DATE '2026-04-30', 'completed',
            TIMESTAMP '2026-06-01 09:00:00', NOW(), NOW()) ON CONFLICT (id) DO NOTHING;
INSERT INTO project_contracts (id, project_id, contract_no, contract_amount,
            payment_method, contract_start, contract_end, status, signed_at, created_at, updated_at)
            VALUES (84, 84, 'CT-2026-0084', 368000.0,
            'installment', DATE '2026-02-01', DATE '2026-05-30', 'completed',
            TIMESTAMP '2026-01-01 09:00:00', NOW(), NOW()) ON CONFLICT (id) DO NOTHING;
INSERT INTO project_contracts (id, project_id, contract_no, contract_amount,
            payment_method, contract_start, contract_end, status, signed_at, created_at, updated_at)
            VALUES (87, 87, 'CT-2026-0087', 416000.0,
            'lump_sum', DATE '2026-05-01', DATE '2026-08-30', 'active',
            TIMESTAMP '2026-04-01 09:00:00', NOW(), NOW()) ON CONFLICT (id) DO NOTHING;
INSERT INTO project_contracts (id, project_id, contract_no, contract_amount,
            payment_method, contract_start, contract_end, status, signed_at, created_at, updated_at)
            VALUES (88, 88, 'CT-2026-0088', 432000.0,
            'installment', DATE '2026-06-01', DATE '2026-09-30', 'completed',
            TIMESTAMP '2026-05-01 09:00:00', NOW(), NOW()) ON CONFLICT (id) DO NOTHING;
INSERT INTO project_contracts (id, project_id, contract_no, contract_amount,
            payment_method, contract_start, contract_end, status, signed_at, created_at, updated_at)
            VALUES (89, 89, 'CT-2026-0089', 448000.0,
            'lump_sum', DATE '2026-01-01', DATE '2026-04-30', 'completed',
            TIMESTAMP '2026-06-01 09:00:00', NOW(), NOW()) ON CONFLICT (id) DO NOTHING;
INSERT INTO project_contracts (id, project_id, contract_no, contract_amount,
            payment_method, contract_start, contract_end, status, signed_at, created_at, updated_at)
            VALUES (90, 90, 'CT-2026-0090', 464000.0,
            'installment', DATE '2026-02-01', DATE '2026-05-30', 'completed',
            TIMESTAMP '2026-01-01 09:00:00', NOW(), NOW()) ON CONFLICT (id) DO NOTHING;
INSERT INTO project_contracts (id, project_id, contract_no, contract_amount,
            payment_method, contract_start, contract_end, status, signed_at, created_at, updated_at)
            VALUES (91, 91, 'CT-2026-0091', 480000.0,
            'lump_sum', DATE '2026-03-01', DATE '2026-06-30', 'completed',
            TIMESTAMP '2026-02-01 09:00:00', NOW(), NOW()) ON CONFLICT (id) DO NOTHING;
INSERT INTO project_contracts (id, project_id, contract_no, contract_amount,
            payment_method, contract_start, contract_end, status, signed_at, created_at, updated_at)
            VALUES (94, 94, 'CT-2026-0094', 528000.0,
            'installment', DATE '2026-06-01', DATE '2026-09-30', 'active',
            TIMESTAMP '2026-05-01 09:00:00', NOW(), NOW()) ON CONFLICT (id) DO NOTHING;
INSERT INTO project_contracts (id, project_id, contract_no, contract_amount,
            payment_method, contract_start, contract_end, status, signed_at, created_at, updated_at)
            VALUES (95, 95, 'CT-2026-0095', 544000.0,
            'lump_sum', DATE '2026-01-01', DATE '2026-04-30', 'completed',
            TIMESTAMP '2026-06-01 09:00:00', NOW(), NOW()) ON CONFLICT (id) DO NOTHING;
INSERT INTO project_contracts (id, project_id, contract_no, contract_amount,
            payment_method, contract_start, contract_end, status, signed_at, created_at, updated_at)
            VALUES (96, 96, 'CT-2026-0096', 560000.0,
            'installment', DATE '2026-02-01', DATE '2026-05-30', 'completed',
            TIMESTAMP '2026-01-01 09:00:00', NOW(), NOW()) ON CONFLICT (id) DO NOTHING;
INSERT INTO project_contracts (id, project_id, contract_no, contract_amount,
            payment_method, contract_start, contract_end, status, signed_at, created_at, updated_at)
            VALUES (97, 97, 'CT-2026-0097', 576000.0,
            'lump_sum', DATE '2026-03-01', DATE '2026-06-30', 'completed',
            TIMESTAMP '2026-02-01 09:00:00', NOW(), NOW()) ON CONFLICT (id) DO NOTHING;
INSERT INTO project_contracts (id, project_id, contract_no, contract_amount,
            payment_method, contract_start, contract_end, status, signed_at, created_at, updated_at)
            VALUES (98, 98, 'CT-2026-0098', 592000.0,
            'installment', DATE '2026-04-01', DATE '2026-07-30', 'completed',
            TIMESTAMP '2026-03-01 09:00:00', NOW(), NOW()) ON CONFLICT (id) DO NOTHING;
INSERT INTO project_contracts (id, project_id, contract_no, contract_amount,
            payment_method, contract_start, contract_end, status, signed_at, created_at, updated_at)
            VALUES (101, 101, 'CT-2026-0101', 640000.0,
            'lump_sum', DATE '2026-01-01', DATE '2026-04-30', 'active',
            TIMESTAMP '2026-06-01 09:00:00', NOW(), NOW()) ON CONFLICT (id) DO NOTHING;
INSERT INTO project_contracts (id, project_id, contract_no, contract_amount,
            payment_method, contract_start, contract_end, status, signed_at, created_at, updated_at)
            VALUES (102, 102, 'CT-2026-0102', 656000.0,
            'installment', DATE '2026-02-01', DATE '2026-05-30', 'completed',
            TIMESTAMP '2026-01-01 09:00:00', NOW(), NOW()) ON CONFLICT (id) DO NOTHING;
INSERT INTO project_contracts (id, project_id, contract_no, contract_amount,
            payment_method, contract_start, contract_end, status, signed_at, created_at, updated_at)
            VALUES (103, 103, 'CT-2026-0103', 672000.0,
            'lump_sum', DATE '2026-03-01', DATE '2026-06-30', 'completed',
            TIMESTAMP '2026-02-01 09:00:00', NOW(), NOW()) ON CONFLICT (id) DO NOTHING;
INSERT INTO project_contracts (id, project_id, contract_no, contract_amount,
            payment_method, contract_start, contract_end, status, signed_at, created_at, updated_at)
            VALUES (104, 104, 'CT-2026-0104', 688000.0,
            'installment', DATE '2026-04-01', DATE '2026-07-30', 'completed',
            TIMESTAMP '2026-03-01 09:00:00', NOW(), NOW()) ON CONFLICT (id) DO NOTHING;
INSERT INTO project_contracts (id, project_id, contract_no, contract_amount,
            payment_method, contract_start, contract_end, status, signed_at, created_at, updated_at)
            VALUES (105, 105, 'CT-2026-0105', 704000.0,
            'lump_sum', DATE '2026-05-01', DATE '2026-08-30', 'completed',
            TIMESTAMP '2026-04-01 09:00:00', NOW(), NOW()) ON CONFLICT (id) DO NOTHING;
INSERT INTO project_contracts (id, project_id, contract_no, contract_amount,
            payment_method, contract_start, contract_end, status, signed_at, created_at, updated_at)
            VALUES (108, 108, 'CT-2026-0108', 752000.0,
            'installment', DATE '2026-02-01', DATE '2026-05-30', 'active',
            TIMESTAMP '2026-01-01 09:00:00', NOW(), NOW()) ON CONFLICT (id) DO NOTHING;
INSERT INTO project_contracts (id, project_id, contract_no, contract_amount,
            payment_method, contract_start, contract_end, status, signed_at, created_at, updated_at)
            VALUES (109, 109, 'CT-2026-0109', 768000.0,
            'lump_sum', DATE '2026-03-01', DATE '2026-06-30', 'completed',
            TIMESTAMP '2026-02-01 09:00:00', NOW(), NOW()) ON CONFLICT (id) DO NOTHING;
INSERT INTO project_contracts (id, project_id, contract_no, contract_amount,
            payment_method, contract_start, contract_end, status, signed_at, created_at, updated_at)
            VALUES (110, 110, 'CT-2026-0110', 784000.0,
            'installment', DATE '2026-04-01', DATE '2026-07-30', 'completed',
            TIMESTAMP '2026-03-01 09:00:00', NOW(), NOW()) ON CONFLICT (id) DO NOTHING;
INSERT INTO project_contracts (id, project_id, contract_no, contract_amount,
            payment_method, contract_start, contract_end, status, signed_at, created_at, updated_at)
            VALUES (111, 111, 'CT-2026-0111', 800000.0,
            'lump_sum', DATE '2026-05-01', DATE '2026-08-30', 'completed',
            TIMESTAMP '2026-04-01 09:00:00', NOW(), NOW()) ON CONFLICT (id) DO NOTHING;
INSERT INTO project_contracts (id, project_id, contract_no, contract_amount,
            payment_method, contract_start, contract_end, status, signed_at, created_at, updated_at)
            VALUES (112, 112, 'CT-2026-0112', 816000.0,
            'installment', DATE '2026-06-01', DATE '2026-09-30', 'completed',
            TIMESTAMP '2026-05-01 09:00:00', NOW(), NOW()) ON CONFLICT (id) DO NOTHING;
INSERT INTO project_contracts (id, project_id, contract_no, contract_amount,
            payment_method, contract_start, contract_end, status, signed_at, created_at, updated_at)
            VALUES (115, 115, 'CT-2026-0115', 864000.0,
            'lump_sum', DATE '2026-03-01', DATE '2026-06-30', 'active',
            TIMESTAMP '2026-02-01 09:00:00', NOW(), NOW()) ON CONFLICT (id) DO NOTHING;
INSERT INTO project_contracts (id, project_id, contract_no, contract_amount,
            payment_method, contract_start, contract_end, status, signed_at, created_at, updated_at)
            VALUES (116, 116, 'CT-2026-0116', 880000.0,
            'installment', DATE '2026-04-01', DATE '2026-07-30', 'completed',
            TIMESTAMP '2026-03-01 09:00:00', NOW(), NOW()) ON CONFLICT (id) DO NOTHING;
INSERT INTO project_contracts (id, project_id, contract_no, contract_amount,
            payment_method, contract_start, contract_end, status, signed_at, created_at, updated_at)
            VALUES (117, 117, 'CT-2026-0117', 896000.0,
            'lump_sum', DATE '2026-05-01', DATE '2026-08-30', 'completed',
            TIMESTAMP '2026-04-01 09:00:00', NOW(), NOW()) ON CONFLICT (id) DO NOTHING;
INSERT INTO project_contracts (id, project_id, contract_no, contract_amount,
            payment_method, contract_start, contract_end, status, signed_at, created_at, updated_at)
            VALUES (118, 118, 'CT-2026-0118', 912000.0,
            'installment', DATE '2026-06-01', DATE '2026-09-30', 'completed',
            TIMESTAMP '2026-05-01 09:00:00', NOW(), NOW()) ON CONFLICT (id) DO NOTHING;
INSERT INTO project_contracts (id, project_id, contract_no, contract_amount,
            payment_method, contract_start, contract_end, status, signed_at, created_at, updated_at)
            VALUES (119, 119, 'CT-2026-0119', 928000.0,
            'lump_sum', DATE '2026-01-01', DATE '2026-04-30', 'completed',
            TIMESTAMP '2026-06-01 09:00:00', NOW(), NOW()) ON CONFLICT (id) DO NOTHING;
INSERT INTO contract_payment_nodes (id, contract_id, name, percentage, amount,
            planned_date, actual_date, status, paid_amount, created_at, updated_at)
            VALUES (91, 73, '首付款(30%)', 30, 57600.0,
            DATE '2026-02-10', DATE '2026-03-01', 'paid', 57600.0, NOW(), NOW())
            ON CONFLICT (id) DO NOTHING;
INSERT INTO contract_payment_nodes (id, contract_id, name, percentage, amount,
            planned_date, actual_date, status, paid_amount, created_at, updated_at)
            VALUES (92, 73, '进度款(50%)', 50, 96000.0,
            DATE '2026-03-20', NULL, 'pending', 0, NOW(), NOW())
            ON CONFLICT (id) DO NOTHING;
INSERT INTO contract_payment_nodes (id, contract_id, name, percentage, amount,
            planned_date, actual_date, status, paid_amount, created_at, updated_at)
            VALUES (93, 73, '尾款(20%)', 20, 38400.0,
            DATE '2026-04-30', NULL, 'pending', 0, NOW(), NOW())
            ON CONFLICT (id) DO NOTHING;
INSERT INTO contract_payment_nodes (id, contract_id, name, percentage, amount,
            planned_date, actual_date, status, paid_amount, created_at, updated_at)
            VALUES (94, 74, '首付款(30%)', 30, 62400.0,
            DATE '2026-05-10', DATE '2026-05-11', 'paid', 62400.0, NOW(), NOW())
            ON CONFLICT (id) DO NOTHING;
INSERT INTO contract_payment_nodes (id, contract_id, name, percentage, amount,
            planned_date, actual_date, status, paid_amount, created_at, updated_at)
            VALUES (95, 74, '进度款(50%)', 50, 104000.0,
            DATE '2026-06-20', DATE '2026-06-12', 'paid', 104000.0, NOW(), NOW())
            ON CONFLICT (id) DO NOTHING;
INSERT INTO contract_payment_nodes (id, contract_id, name, percentage, amount,
            planned_date, actual_date, status, paid_amount, created_at, updated_at)
            VALUES (96, 74, '尾款(20%)', 20, 41600.0,
            DATE '2026-01-30', DATE '2026-01-13', 'paid', 41600.0, NOW(), NOW())
            ON CONFLICT (id) DO NOTHING;
INSERT INTO contract_payment_nodes (id, contract_id, name, percentage, amount,
            planned_date, actual_date, status, paid_amount, created_at, updated_at)
            VALUES (97, 75, '首付款(30%)', 30, 67200.0,
            DATE '2026-02-10', DATE '2026-02-14', 'paid', 67200.0, NOW(), NOW())
            ON CONFLICT (id) DO NOTHING;
INSERT INTO contract_payment_nodes (id, contract_id, name, percentage, amount,
            planned_date, actual_date, status, paid_amount, created_at, updated_at)
            VALUES (98, 75, '进度款(50%)', 50, 112000.0,
            DATE '2026-03-20', DATE '2026-03-15', 'paid', 112000.0, NOW(), NOW())
            ON CONFLICT (id) DO NOTHING;
INSERT INTO contract_payment_nodes (id, contract_id, name, percentage, amount,
            planned_date, actual_date, status, paid_amount, created_at, updated_at)
            VALUES (99, 75, '尾款(20%)', 20, 44800.0,
            DATE '2026-04-30', DATE '2026-04-16', 'paid', 44800.0, NOW(), NOW())
            ON CONFLICT (id) DO NOTHING;
INSERT INTO contract_payment_nodes (id, contract_id, name, percentage, amount,
            planned_date, actual_date, status, paid_amount, created_at, updated_at)
            VALUES (100, 76, '首付款(30%)', 30, 72000.0,
            DATE '2026-05-10', DATE '2026-05-17', 'paid', 72000.0, NOW(), NOW())
            ON CONFLICT (id) DO NOTHING;
INSERT INTO contract_payment_nodes (id, contract_id, name, percentage, amount,
            planned_date, actual_date, status, paid_amount, created_at, updated_at)
            VALUES (101, 76, '进度款(50%)', 50, 120000.0,
            DATE '2026-06-20', DATE '2026-06-18', 'paid', 120000.0, NOW(), NOW())
            ON CONFLICT (id) DO NOTHING;
INSERT INTO contract_payment_nodes (id, contract_id, name, percentage, amount,
            planned_date, actual_date, status, paid_amount, created_at, updated_at)
            VALUES (102, 76, '尾款(20%)', 20, 48000.0,
            DATE '2026-01-30', DATE '2026-01-19', 'paid', 48000.0, NOW(), NOW())
            ON CONFLICT (id) DO NOTHING;
INSERT INTO contract_payment_nodes (id, contract_id, name, percentage, amount,
            planned_date, actual_date, status, paid_amount, created_at, updated_at)
            VALUES (103, 77, '首付款(30%)', 30, 76800.0,
            DATE '2026-02-10', DATE '2026-02-20', 'paid', 76800.0, NOW(), NOW())
            ON CONFLICT (id) DO NOTHING;
INSERT INTO contract_payment_nodes (id, contract_id, name, percentage, amount,
            planned_date, actual_date, status, paid_amount, created_at, updated_at)
            VALUES (104, 77, '进度款(50%)', 50, 128000.0,
            DATE '2026-03-20', DATE '2026-03-21', 'paid', 128000.0, NOW(), NOW())
            ON CONFLICT (id) DO NOTHING;
INSERT INTO contract_payment_nodes (id, contract_id, name, percentage, amount,
            planned_date, actual_date, status, paid_amount, created_at, updated_at)
            VALUES (105, 77, '尾款(20%)', 20, 51200.0,
            DATE '2026-04-30', DATE '2026-04-22', 'paid', 51200.0, NOW(), NOW())
            ON CONFLICT (id) DO NOTHING;
INSERT INTO contract_payment_nodes (id, contract_id, name, percentage, amount,
            planned_date, actual_date, status, paid_amount, created_at, updated_at)
            VALUES (106, 80, '首付款(30%)', 30, 91200.0,
            DATE '2026-05-10', DATE '2026-04-01', 'paid', 91200.0, NOW(), NOW())
            ON CONFLICT (id) DO NOTHING;
INSERT INTO contract_payment_nodes (id, contract_id, name, percentage, amount,
            planned_date, actual_date, status, paid_amount, created_at, updated_at)
            VALUES (107, 80, '进度款(50%)', 50, 152000.0,
            DATE '2026-06-20', NULL, 'pending', 0, NOW(), NOW())
            ON CONFLICT (id) DO NOTHING;
INSERT INTO contract_payment_nodes (id, contract_id, name, percentage, amount,
            planned_date, actual_date, status, paid_amount, created_at, updated_at)
            VALUES (108, 80, '尾款(20%)', 20, 60800.0,
            DATE '2026-01-30', NULL, 'pending', 0, NOW(), NOW())
            ON CONFLICT (id) DO NOTHING;
INSERT INTO contract_payment_nodes (id, contract_id, name, percentage, amount,
            planned_date, actual_date, status, paid_amount, created_at, updated_at)
            VALUES (109, 81, '首付款(30%)', 30, 96000.0,
            DATE '2026-02-10', DATE '2026-02-26', 'paid', 96000.0, NOW(), NOW())
            ON CONFLICT (id) DO NOTHING;
INSERT INTO contract_payment_nodes (id, contract_id, name, percentage, amount,
            planned_date, actual_date, status, paid_amount, created_at, updated_at)
            VALUES (110, 81, '进度款(50%)', 50, 160000.0,
            DATE '2026-03-20', DATE '2026-03-27', 'paid', 160000.0, NOW(), NOW())
            ON CONFLICT (id) DO NOTHING;
INSERT INTO contract_payment_nodes (id, contract_id, name, percentage, amount,
            planned_date, actual_date, status, paid_amount, created_at, updated_at)
            VALUES (111, 81, '尾款(20%)', 20, 64000.0,
            DATE '2026-04-30', DATE '2026-04-28', 'paid', 64000.0, NOW(), NOW())
            ON CONFLICT (id) DO NOTHING;
INSERT INTO contract_payment_nodes (id, contract_id, name, percentage, amount,
            planned_date, actual_date, status, paid_amount, created_at, updated_at)
            VALUES (112, 82, '首付款(30%)', 30, 100800.0,
            DATE '2026-05-10', DATE '2026-05-01', 'paid', 100800.0, NOW(), NOW())
            ON CONFLICT (id) DO NOTHING;
INSERT INTO contract_payment_nodes (id, contract_id, name, percentage, amount,
            planned_date, actual_date, status, paid_amount, created_at, updated_at)
            VALUES (113, 82, '进度款(50%)', 50, 168000.0,
            DATE '2026-06-20', DATE '2026-06-02', 'paid', 168000.0, NOW(), NOW())
            ON CONFLICT (id) DO NOTHING;
INSERT INTO contract_payment_nodes (id, contract_id, name, percentage, amount,
            planned_date, actual_date, status, paid_amount, created_at, updated_at)
            VALUES (114, 82, '尾款(20%)', 20, 67200.0,
            DATE '2026-01-30', DATE '2026-01-03', 'paid', 67200.0, NOW(), NOW())
            ON CONFLICT (id) DO NOTHING;
INSERT INTO contract_payment_nodes (id, contract_id, name, percentage, amount,
            planned_date, actual_date, status, paid_amount, created_at, updated_at)
            VALUES (115, 83, '首付款(30%)', 30, 105600.0,
            DATE '2026-02-10', DATE '2026-02-04', 'paid', 105600.0, NOW(), NOW())
            ON CONFLICT (id) DO NOTHING;
INSERT INTO contract_payment_nodes (id, contract_id, name, percentage, amount,
            planned_date, actual_date, status, paid_amount, created_at, updated_at)
            VALUES (116, 83, '进度款(50%)', 50, 176000.0,
            DATE '2026-03-20', DATE '2026-03-05', 'paid', 176000.0, NOW(), NOW())
            ON CONFLICT (id) DO NOTHING;
INSERT INTO contract_payment_nodes (id, contract_id, name, percentage, amount,
            planned_date, actual_date, status, paid_amount, created_at, updated_at)
            VALUES (117, 83, '尾款(20%)', 20, 70400.0,
            DATE '2026-04-30', DATE '2026-04-06', 'paid', 70400.0, NOW(), NOW())
            ON CONFLICT (id) DO NOTHING;
INSERT INTO contract_payment_nodes (id, contract_id, name, percentage, amount,
            planned_date, actual_date, status, paid_amount, created_at, updated_at)
            VALUES (118, 84, '首付款(30%)', 30, 110400.0,
            DATE '2026-05-10', DATE '2026-05-07', 'paid', 110400.0, NOW(), NOW())
            ON CONFLICT (id) DO NOTHING;
INSERT INTO contract_payment_nodes (id, contract_id, name, percentage, amount,
            planned_date, actual_date, status, paid_amount, created_at, updated_at)
            VALUES (119, 84, '进度款(50%)', 50, 184000.0,
            DATE '2026-06-20', DATE '2026-06-08', 'paid', 184000.0, NOW(), NOW())
            ON CONFLICT (id) DO NOTHING;
INSERT INTO contract_payment_nodes (id, contract_id, name, percentage, amount,
            planned_date, actual_date, status, paid_amount, created_at, updated_at)
            VALUES (120, 84, '尾款(20%)', 20, 73600.0,
            DATE '2026-01-30', DATE '2026-01-09', 'paid', 73600.0, NOW(), NOW())
            ON CONFLICT (id) DO NOTHING;
INSERT INTO contract_payment_nodes (id, contract_id, name, percentage, amount,
            planned_date, actual_date, status, paid_amount, created_at, updated_at)
            VALUES (121, 87, '首付款(30%)', 30, 124800.0,
            DATE '2026-02-10', DATE '2026-05-01', 'paid', 124800.0, NOW(), NOW())
            ON CONFLICT (id) DO NOTHING;
INSERT INTO contract_payment_nodes (id, contract_id, name, percentage, amount,
            planned_date, actual_date, status, paid_amount, created_at, updated_at)
            VALUES (122, 87, '进度款(50%)', 50, 208000.0,
            DATE '2026-03-20', NULL, 'pending', 0, NOW(), NOW())
            ON CONFLICT (id) DO NOTHING;
INSERT INTO contract_payment_nodes (id, contract_id, name, percentage, amount,
            planned_date, actual_date, status, paid_amount, created_at, updated_at)
            VALUES (123, 87, '尾款(20%)', 20, 83200.0,
            DATE '2026-04-30', NULL, 'pending', 0, NOW(), NOW())
            ON CONFLICT (id) DO NOTHING;
INSERT INTO contract_payment_nodes (id, contract_id, name, percentage, amount,
            planned_date, actual_date, status, paid_amount, created_at, updated_at)
            VALUES (124, 88, '首付款(30%)', 30, 129600.0,
            DATE '2026-05-10', DATE '2026-05-13', 'paid', 129600.0, NOW(), NOW())
            ON CONFLICT (id) DO NOTHING;
INSERT INTO contract_payment_nodes (id, contract_id, name, percentage, amount,
            planned_date, actual_date, status, paid_amount, created_at, updated_at)
            VALUES (125, 88, '进度款(50%)', 50, 216000.0,
            DATE '2026-06-20', DATE '2026-06-14', 'paid', 216000.0, NOW(), NOW())
            ON CONFLICT (id) DO NOTHING;
INSERT INTO contract_payment_nodes (id, contract_id, name, percentage, amount,
            planned_date, actual_date, status, paid_amount, created_at, updated_at)
            VALUES (126, 88, '尾款(20%)', 20, 86400.0,
            DATE '2026-01-30', DATE '2026-01-15', 'paid', 86400.0, NOW(), NOW())
            ON CONFLICT (id) DO NOTHING;
INSERT INTO contract_payment_nodes (id, contract_id, name, percentage, amount,
            planned_date, actual_date, status, paid_amount, created_at, updated_at)
            VALUES (127, 89, '首付款(30%)', 30, 134400.0,
            DATE '2026-02-10', DATE '2026-02-16', 'paid', 134400.0, NOW(), NOW())
            ON CONFLICT (id) DO NOTHING;
INSERT INTO contract_payment_nodes (id, contract_id, name, percentage, amount,
            planned_date, actual_date, status, paid_amount, created_at, updated_at)
            VALUES (128, 89, '进度款(50%)', 50, 224000.0,
            DATE '2026-03-20', DATE '2026-03-17', 'paid', 224000.0, NOW(), NOW())
            ON CONFLICT (id) DO NOTHING;
INSERT INTO contract_payment_nodes (id, contract_id, name, percentage, amount,
            planned_date, actual_date, status, paid_amount, created_at, updated_at)
            VALUES (129, 89, '尾款(20%)', 20, 89600.0,
            DATE '2026-04-30', DATE '2026-04-18', 'paid', 89600.0, NOW(), NOW())
            ON CONFLICT (id) DO NOTHING;
INSERT INTO contract_payment_nodes (id, contract_id, name, percentage, amount,
            planned_date, actual_date, status, paid_amount, created_at, updated_at)
            VALUES (130, 90, '首付款(30%)', 30, 139200.0,
            DATE '2026-05-10', DATE '2026-05-19', 'paid', 139200.0, NOW(), NOW())
            ON CONFLICT (id) DO NOTHING;
INSERT INTO contract_payment_nodes (id, contract_id, name, percentage, amount,
            planned_date, actual_date, status, paid_amount, created_at, updated_at)
            VALUES (131, 90, '进度款(50%)', 50, 232000.0,
            DATE '2026-06-20', DATE '2026-06-20', 'paid', 232000.0, NOW(), NOW())
            ON CONFLICT (id) DO NOTHING;
INSERT INTO contract_payment_nodes (id, contract_id, name, percentage, amount,
            planned_date, actual_date, status, paid_amount, created_at, updated_at)
            VALUES (132, 90, '尾款(20%)', 20, 92800.0,
            DATE '2026-01-30', DATE '2026-01-21', 'paid', 92800.0, NOW(), NOW())
            ON CONFLICT (id) DO NOTHING;
INSERT INTO contract_payment_nodes (id, contract_id, name, percentage, amount,
            planned_date, actual_date, status, paid_amount, created_at, updated_at)
            VALUES (133, 91, '首付款(30%)', 30, 144000.0,
            DATE '2026-02-10', DATE '2026-02-22', 'paid', 144000.0, NOW(), NOW())
            ON CONFLICT (id) DO NOTHING;
INSERT INTO contract_payment_nodes (id, contract_id, name, percentage, amount,
            planned_date, actual_date, status, paid_amount, created_at, updated_at)
            VALUES (134, 91, '进度款(50%)', 50, 240000.0,
            DATE '2026-03-20', DATE '2026-03-23', 'paid', 240000.0, NOW(), NOW())
            ON CONFLICT (id) DO NOTHING;
INSERT INTO contract_payment_nodes (id, contract_id, name, percentage, amount,
            planned_date, actual_date, status, paid_amount, created_at, updated_at)
            VALUES (135, 91, '尾款(20%)', 20, 96000.0,
            DATE '2026-04-30', DATE '2026-04-24', 'paid', 96000.0, NOW(), NOW())
            ON CONFLICT (id) DO NOTHING;
INSERT INTO contract_payment_nodes (id, contract_id, name, percentage, amount,
            planned_date, actual_date, status, paid_amount, created_at, updated_at)
            VALUES (136, 94, '首付款(30%)', 30, 158400.0,
            DATE '2026-05-10', DATE '2026-06-01', 'paid', 158400.0, NOW(), NOW())
            ON CONFLICT (id) DO NOTHING;
INSERT INTO contract_payment_nodes (id, contract_id, name, percentage, amount,
            planned_date, actual_date, status, paid_amount, created_at, updated_at)
            VALUES (137, 94, '进度款(50%)', 50, 264000.0,
            DATE '2026-06-20', NULL, 'pending', 0, NOW(), NOW())
            ON CONFLICT (id) DO NOTHING;
INSERT INTO contract_payment_nodes (id, contract_id, name, percentage, amount,
            planned_date, actual_date, status, paid_amount, created_at, updated_at)
            VALUES (138, 94, '尾款(20%)', 20, 105600.0,
            DATE '2026-01-30', NULL, 'pending', 0, NOW(), NOW())
            ON CONFLICT (id) DO NOTHING;
INSERT INTO contract_payment_nodes (id, contract_id, name, percentage, amount,
            planned_date, actual_date, status, paid_amount, created_at, updated_at)
            VALUES (139, 95, '首付款(30%)', 30, 163200.0,
            DATE '2026-02-10', DATE '2026-02-28', 'paid', 163200.0, NOW(), NOW())
            ON CONFLICT (id) DO NOTHING;
INSERT INTO contract_payment_nodes (id, contract_id, name, percentage, amount,
            planned_date, actual_date, status, paid_amount, created_at, updated_at)
            VALUES (140, 95, '进度款(50%)', 50, 272000.0,
            DATE '2026-03-20', DATE '2026-03-01', 'paid', 272000.0, NOW(), NOW())
            ON CONFLICT (id) DO NOTHING;
INSERT INTO contract_payment_nodes (id, contract_id, name, percentage, amount,
            planned_date, actual_date, status, paid_amount, created_at, updated_at)
            VALUES (141, 95, '尾款(20%)', 20, 108800.0,
            DATE '2026-04-30', DATE '2026-04-02', 'paid', 108800.0, NOW(), NOW())
            ON CONFLICT (id) DO NOTHING;
INSERT INTO contract_payment_nodes (id, contract_id, name, percentage, amount,
            planned_date, actual_date, status, paid_amount, created_at, updated_at)
            VALUES (142, 96, '首付款(30%)', 30, 168000.0,
            DATE '2026-05-10', DATE '2026-05-03', 'paid', 168000.0, NOW(), NOW())
            ON CONFLICT (id) DO NOTHING;
INSERT INTO contract_payment_nodes (id, contract_id, name, percentage, amount,
            planned_date, actual_date, status, paid_amount, created_at, updated_at)
            VALUES (143, 96, '进度款(50%)', 50, 280000.0,
            DATE '2026-06-20', DATE '2026-06-04', 'paid', 280000.0, NOW(), NOW())
            ON CONFLICT (id) DO NOTHING;
INSERT INTO contract_payment_nodes (id, contract_id, name, percentage, amount,
            planned_date, actual_date, status, paid_amount, created_at, updated_at)
            VALUES (144, 96, '尾款(20%)', 20, 112000.0,
            DATE '2026-01-30', DATE '2026-01-05', 'paid', 112000.0, NOW(), NOW())
            ON CONFLICT (id) DO NOTHING;
INSERT INTO contract_payment_nodes (id, contract_id, name, percentage, amount,
            planned_date, actual_date, status, paid_amount, created_at, updated_at)
            VALUES (145, 97, '首付款(30%)', 30, 172800.0,
            DATE '2026-02-10', DATE '2026-02-06', 'paid', 172800.0, NOW(), NOW())
            ON CONFLICT (id) DO NOTHING;
INSERT INTO contract_payment_nodes (id, contract_id, name, percentage, amount,
            planned_date, actual_date, status, paid_amount, created_at, updated_at)
            VALUES (146, 97, '进度款(50%)', 50, 288000.0,
            DATE '2026-03-20', DATE '2026-03-07', 'paid', 288000.0, NOW(), NOW())
            ON CONFLICT (id) DO NOTHING;
INSERT INTO contract_payment_nodes (id, contract_id, name, percentage, amount,
            planned_date, actual_date, status, paid_amount, created_at, updated_at)
            VALUES (147, 97, '尾款(20%)', 20, 115200.0,
            DATE '2026-04-30', DATE '2026-04-08', 'paid', 115200.0, NOW(), NOW())
            ON CONFLICT (id) DO NOTHING;
INSERT INTO contract_payment_nodes (id, contract_id, name, percentage, amount,
            planned_date, actual_date, status, paid_amount, created_at, updated_at)
            VALUES (148, 98, '首付款(30%)', 30, 177600.0,
            DATE '2026-05-10', DATE '2026-05-09', 'paid', 177600.0, NOW(), NOW())
            ON CONFLICT (id) DO NOTHING;
INSERT INTO contract_payment_nodes (id, contract_id, name, percentage, amount,
            planned_date, actual_date, status, paid_amount, created_at, updated_at)
            VALUES (149, 98, '进度款(50%)', 50, 296000.0,
            DATE '2026-06-20', DATE '2026-06-10', 'paid', 296000.0, NOW(), NOW())
            ON CONFLICT (id) DO NOTHING;
INSERT INTO contract_payment_nodes (id, contract_id, name, percentage, amount,
            planned_date, actual_date, status, paid_amount, created_at, updated_at)
            VALUES (150, 98, '尾款(20%)', 20, 118400.0,
            DATE '2026-01-30', DATE '2026-01-11', 'paid', 118400.0, NOW(), NOW())
            ON CONFLICT (id) DO NOTHING;
INSERT INTO contract_payment_nodes (id, contract_id, name, percentage, amount,
            planned_date, actual_date, status, paid_amount, created_at, updated_at)
            VALUES (151, 101, '首付款(30%)', 30, 192000.0,
            DATE '2026-02-10', DATE '2026-01-01', 'paid', 192000.0, NOW(), NOW())
            ON CONFLICT (id) DO NOTHING;
INSERT INTO contract_payment_nodes (id, contract_id, name, percentage, amount,
            planned_date, actual_date, status, paid_amount, created_at, updated_at)
            VALUES (152, 101, '进度款(50%)', 50, 320000.0,
            DATE '2026-03-20', NULL, 'pending', 0, NOW(), NOW())
            ON CONFLICT (id) DO NOTHING;
INSERT INTO contract_payment_nodes (id, contract_id, name, percentage, amount,
            planned_date, actual_date, status, paid_amount, created_at, updated_at)
            VALUES (153, 101, '尾款(20%)', 20, 128000.0,
            DATE '2026-04-30', NULL, 'pending', 0, NOW(), NOW())
            ON CONFLICT (id) DO NOTHING;
INSERT INTO contract_payment_nodes (id, contract_id, name, percentage, amount,
            planned_date, actual_date, status, paid_amount, created_at, updated_at)
            VALUES (154, 102, '首付款(30%)', 30, 196800.0,
            DATE '2026-05-10', DATE '2026-05-15', 'paid', 196800.0, NOW(), NOW())
            ON CONFLICT (id) DO NOTHING;
INSERT INTO contract_payment_nodes (id, contract_id, name, percentage, amount,
            planned_date, actual_date, status, paid_amount, created_at, updated_at)
            VALUES (155, 102, '进度款(50%)', 50, 328000.0,
            DATE '2026-06-20', DATE '2026-06-16', 'paid', 328000.0, NOW(), NOW())
            ON CONFLICT (id) DO NOTHING;
INSERT INTO contract_payment_nodes (id, contract_id, name, percentage, amount,
            planned_date, actual_date, status, paid_amount, created_at, updated_at)
            VALUES (156, 102, '尾款(20%)', 20, 131200.0,
            DATE '2026-01-30', DATE '2026-01-17', 'paid', 131200.0, NOW(), NOW())
            ON CONFLICT (id) DO NOTHING;
INSERT INTO contract_payment_nodes (id, contract_id, name, percentage, amount,
            planned_date, actual_date, status, paid_amount, created_at, updated_at)
            VALUES (157, 103, '首付款(30%)', 30, 201600.0,
            DATE '2026-02-10', DATE '2026-02-18', 'paid', 201600.0, NOW(), NOW())
            ON CONFLICT (id) DO NOTHING;
INSERT INTO contract_payment_nodes (id, contract_id, name, percentage, amount,
            planned_date, actual_date, status, paid_amount, created_at, updated_at)
            VALUES (158, 103, '进度款(50%)', 50, 336000.0,
            DATE '2026-03-20', DATE '2026-03-19', 'paid', 336000.0, NOW(), NOW())
            ON CONFLICT (id) DO NOTHING;
INSERT INTO contract_payment_nodes (id, contract_id, name, percentage, amount,
            planned_date, actual_date, status, paid_amount, created_at, updated_at)
            VALUES (159, 103, '尾款(20%)', 20, 134400.0,
            DATE '2026-04-30', DATE '2026-04-20', 'paid', 134400.0, NOW(), NOW())
            ON CONFLICT (id) DO NOTHING;
INSERT INTO contract_payment_nodes (id, contract_id, name, percentage, amount,
            planned_date, actual_date, status, paid_amount, created_at, updated_at)
            VALUES (160, 104, '首付款(30%)', 30, 206400.0,
            DATE '2026-05-10', DATE '2026-05-21', 'paid', 206400.0, NOW(), NOW())
            ON CONFLICT (id) DO NOTHING;
INSERT INTO contract_payment_nodes (id, contract_id, name, percentage, amount,
            planned_date, actual_date, status, paid_amount, created_at, updated_at)
            VALUES (161, 104, '进度款(50%)', 50, 344000.0,
            DATE '2026-06-20', DATE '2026-06-22', 'paid', 344000.0, NOW(), NOW())
            ON CONFLICT (id) DO NOTHING;
INSERT INTO contract_payment_nodes (id, contract_id, name, percentage, amount,
            planned_date, actual_date, status, paid_amount, created_at, updated_at)
            VALUES (162, 104, '尾款(20%)', 20, 137600.0,
            DATE '2026-01-30', DATE '2026-01-23', 'paid', 137600.0, NOW(), NOW())
            ON CONFLICT (id) DO NOTHING;
INSERT INTO contract_payment_nodes (id, contract_id, name, percentage, amount,
            planned_date, actual_date, status, paid_amount, created_at, updated_at)
            VALUES (163, 105, '首付款(30%)', 30, 211200.0,
            DATE '2026-02-10', DATE '2026-02-24', 'paid', 211200.0, NOW(), NOW())
            ON CONFLICT (id) DO NOTHING;
INSERT INTO contract_payment_nodes (id, contract_id, name, percentage, amount,
            planned_date, actual_date, status, paid_amount, created_at, updated_at)
            VALUES (164, 105, '进度款(50%)', 50, 352000.0,
            DATE '2026-03-20', DATE '2026-03-25', 'paid', 352000.0, NOW(), NOW())
            ON CONFLICT (id) DO NOTHING;
INSERT INTO contract_payment_nodes (id, contract_id, name, percentage, amount,
            planned_date, actual_date, status, paid_amount, created_at, updated_at)
            VALUES (165, 105, '尾款(20%)', 20, 140800.0,
            DATE '2026-04-30', DATE '2026-04-26', 'paid', 140800.0, NOW(), NOW())
            ON CONFLICT (id) DO NOTHING;
INSERT INTO contract_payment_nodes (id, contract_id, name, percentage, amount,
            planned_date, actual_date, status, paid_amount, created_at, updated_at)
            VALUES (166, 108, '首付款(30%)', 30, 225600.0,
            DATE '2026-05-10', DATE '2026-02-01', 'paid', 225600.0, NOW(), NOW())
            ON CONFLICT (id) DO NOTHING;
INSERT INTO contract_payment_nodes (id, contract_id, name, percentage, amount,
            planned_date, actual_date, status, paid_amount, created_at, updated_at)
            VALUES (167, 108, '进度款(50%)', 50, 376000.0,
            DATE '2026-06-20', NULL, 'pending', 0, NOW(), NOW())
            ON CONFLICT (id) DO NOTHING;
INSERT INTO contract_payment_nodes (id, contract_id, name, percentage, amount,
            planned_date, actual_date, status, paid_amount, created_at, updated_at)
            VALUES (168, 108, '尾款(20%)', 20, 150400.0,
            DATE '2026-01-30', NULL, 'pending', 0, NOW(), NOW())
            ON CONFLICT (id) DO NOTHING;
INSERT INTO contract_payment_nodes (id, contract_id, name, percentage, amount,
            planned_date, actual_date, status, paid_amount, created_at, updated_at)
            VALUES (169, 109, '首付款(30%)', 30, 230400.0,
            DATE '2026-02-10', DATE '2026-02-02', 'paid', 230400.0, NOW(), NOW())
            ON CONFLICT (id) DO NOTHING;
INSERT INTO contract_payment_nodes (id, contract_id, name, percentage, amount,
            planned_date, actual_date, status, paid_amount, created_at, updated_at)
            VALUES (170, 109, '进度款(50%)', 50, 384000.0,
            DATE '2026-03-20', DATE '2026-03-03', 'paid', 384000.0, NOW(), NOW())
            ON CONFLICT (id) DO NOTHING;
INSERT INTO contract_payment_nodes (id, contract_id, name, percentage, amount,
            planned_date, actual_date, status, paid_amount, created_at, updated_at)
            VALUES (171, 109, '尾款(20%)', 20, 153600.0,
            DATE '2026-04-30', DATE '2026-04-04', 'paid', 153600.0, NOW(), NOW())
            ON CONFLICT (id) DO NOTHING;
INSERT INTO contract_payment_nodes (id, contract_id, name, percentage, amount,
            planned_date, actual_date, status, paid_amount, created_at, updated_at)
            VALUES (172, 110, '首付款(30%)', 30, 235200.0,
            DATE '2026-05-10', DATE '2026-05-05', 'paid', 235200.0, NOW(), NOW())
            ON CONFLICT (id) DO NOTHING;
INSERT INTO contract_payment_nodes (id, contract_id, name, percentage, amount,
            planned_date, actual_date, status, paid_amount, created_at, updated_at)
            VALUES (173, 110, '进度款(50%)', 50, 392000.0,
            DATE '2026-06-20', DATE '2026-06-06', 'paid', 392000.0, NOW(), NOW())
            ON CONFLICT (id) DO NOTHING;
INSERT INTO contract_payment_nodes (id, contract_id, name, percentage, amount,
            planned_date, actual_date, status, paid_amount, created_at, updated_at)
            VALUES (174, 110, '尾款(20%)', 20, 156800.0,
            DATE '2026-01-30', DATE '2026-01-07', 'paid', 156800.0, NOW(), NOW())
            ON CONFLICT (id) DO NOTHING;
INSERT INTO contract_payment_nodes (id, contract_id, name, percentage, amount,
            planned_date, actual_date, status, paid_amount, created_at, updated_at)
            VALUES (175, 111, '首付款(30%)', 30, 240000.0,
            DATE '2026-02-10', DATE '2026-02-08', 'paid', 240000.0, NOW(), NOW())
            ON CONFLICT (id) DO NOTHING;
INSERT INTO contract_payment_nodes (id, contract_id, name, percentage, amount,
            planned_date, actual_date, status, paid_amount, created_at, updated_at)
            VALUES (176, 111, '进度款(50%)', 50, 400000.0,
            DATE '2026-03-20', DATE '2026-03-09', 'paid', 400000.0, NOW(), NOW())
            ON CONFLICT (id) DO NOTHING;
INSERT INTO contract_payment_nodes (id, contract_id, name, percentage, amount,
            planned_date, actual_date, status, paid_amount, created_at, updated_at)
            VALUES (177, 111, '尾款(20%)', 20, 160000.0,
            DATE '2026-04-30', DATE '2026-04-10', 'paid', 160000.0, NOW(), NOW())
            ON CONFLICT (id) DO NOTHING;
INSERT INTO contract_payment_nodes (id, contract_id, name, percentage, amount,
            planned_date, actual_date, status, paid_amount, created_at, updated_at)
            VALUES (178, 112, '首付款(30%)', 30, 244800.0,
            DATE '2026-05-10', DATE '2026-05-11', 'paid', 244800.0, NOW(), NOW())
            ON CONFLICT (id) DO NOTHING;
INSERT INTO contract_payment_nodes (id, contract_id, name, percentage, amount,
            planned_date, actual_date, status, paid_amount, created_at, updated_at)
            VALUES (179, 112, '进度款(50%)', 50, 408000.0,
            DATE '2026-06-20', DATE '2026-06-12', 'paid', 408000.0, NOW(), NOW())
            ON CONFLICT (id) DO NOTHING;
INSERT INTO contract_payment_nodes (id, contract_id, name, percentage, amount,
            planned_date, actual_date, status, paid_amount, created_at, updated_at)
            VALUES (180, 112, '尾款(20%)', 20, 163200.0,
            DATE '2026-01-30', DATE '2026-01-13', 'paid', 163200.0, NOW(), NOW())
            ON CONFLICT (id) DO NOTHING;
INSERT INTO contract_payment_nodes (id, contract_id, name, percentage, amount,
            planned_date, actual_date, status, paid_amount, created_at, updated_at)
            VALUES (181, 115, '首付款(30%)', 30, 259200.0,
            DATE '2026-02-10', DATE '2026-03-01', 'paid', 259200.0, NOW(), NOW())
            ON CONFLICT (id) DO NOTHING;
INSERT INTO contract_payment_nodes (id, contract_id, name, percentage, amount,
            planned_date, actual_date, status, paid_amount, created_at, updated_at)
            VALUES (182, 115, '进度款(50%)', 50, 432000.0,
            DATE '2026-03-20', NULL, 'pending', 0, NOW(), NOW())
            ON CONFLICT (id) DO NOTHING;
INSERT INTO contract_payment_nodes (id, contract_id, name, percentage, amount,
            planned_date, actual_date, status, paid_amount, created_at, updated_at)
            VALUES (183, 115, '尾款(20%)', 20, 172800.0,
            DATE '2026-04-30', NULL, 'pending', 0, NOW(), NOW())
            ON CONFLICT (id) DO NOTHING;
INSERT INTO contract_payment_nodes (id, contract_id, name, percentage, amount,
            planned_date, actual_date, status, paid_amount, created_at, updated_at)
            VALUES (184, 116, '首付款(30%)', 30, 264000.0,
            DATE '2026-05-10', DATE '2026-05-17', 'paid', 264000.0, NOW(), NOW())
            ON CONFLICT (id) DO NOTHING;
INSERT INTO contract_payment_nodes (id, contract_id, name, percentage, amount,
            planned_date, actual_date, status, paid_amount, created_at, updated_at)
            VALUES (185, 116, '进度款(50%)', 50, 440000.0,
            DATE '2026-06-20', DATE '2026-06-18', 'paid', 440000.0, NOW(), NOW())
            ON CONFLICT (id) DO NOTHING;
INSERT INTO contract_payment_nodes (id, contract_id, name, percentage, amount,
            planned_date, actual_date, status, paid_amount, created_at, updated_at)
            VALUES (186, 116, '尾款(20%)', 20, 176000.0,
            DATE '2026-01-30', DATE '2026-01-19', 'paid', 176000.0, NOW(), NOW())
            ON CONFLICT (id) DO NOTHING;
INSERT INTO contract_payment_nodes (id, contract_id, name, percentage, amount,
            planned_date, actual_date, status, paid_amount, created_at, updated_at)
            VALUES (187, 117, '首付款(30%)', 30, 268800.0,
            DATE '2026-02-10', DATE '2026-02-20', 'paid', 268800.0, NOW(), NOW())
            ON CONFLICT (id) DO NOTHING;
INSERT INTO contract_payment_nodes (id, contract_id, name, percentage, amount,
            planned_date, actual_date, status, paid_amount, created_at, updated_at)
            VALUES (188, 117, '进度款(50%)', 50, 448000.0,
            DATE '2026-03-20', DATE '2026-03-21', 'paid', 448000.0, NOW(), NOW())
            ON CONFLICT (id) DO NOTHING;
INSERT INTO contract_payment_nodes (id, contract_id, name, percentage, amount,
            planned_date, actual_date, status, paid_amount, created_at, updated_at)
            VALUES (189, 117, '尾款(20%)', 20, 179200.0,
            DATE '2026-04-30', DATE '2026-04-22', 'paid', 179200.0, NOW(), NOW())
            ON CONFLICT (id) DO NOTHING;
INSERT INTO contract_payment_nodes (id, contract_id, name, percentage, amount,
            planned_date, actual_date, status, paid_amount, created_at, updated_at)
            VALUES (190, 118, '首付款(30%)', 30, 273600.0,
            DATE '2026-05-10', DATE '2026-05-23', 'paid', 273600.0, NOW(), NOW())
            ON CONFLICT (id) DO NOTHING;
INSERT INTO contract_payment_nodes (id, contract_id, name, percentage, amount,
            planned_date, actual_date, status, paid_amount, created_at, updated_at)
            VALUES (191, 118, '进度款(50%)', 50, 456000.0,
            DATE '2026-06-20', DATE '2026-06-24', 'paid', 456000.0, NOW(), NOW())
            ON CONFLICT (id) DO NOTHING;
INSERT INTO contract_payment_nodes (id, contract_id, name, percentage, amount,
            planned_date, actual_date, status, paid_amount, created_at, updated_at)
            VALUES (192, 118, '尾款(20%)', 20, 182400.0,
            DATE '2026-01-30', DATE '2026-01-25', 'paid', 182400.0, NOW(), NOW())
            ON CONFLICT (id) DO NOTHING;
INSERT INTO contract_payment_nodes (id, contract_id, name, percentage, amount,
            planned_date, actual_date, status, paid_amount, created_at, updated_at)
            VALUES (193, 119, '首付款(30%)', 30, 278400.0,
            DATE '2026-02-10', DATE '2026-02-26', 'paid', 278400.0, NOW(), NOW())
            ON CONFLICT (id) DO NOTHING;
INSERT INTO contract_payment_nodes (id, contract_id, name, percentage, amount,
            planned_date, actual_date, status, paid_amount, created_at, updated_at)
            VALUES (194, 119, '进度款(50%)', 50, 464000.0,
            DATE '2026-03-20', DATE '2026-03-27', 'paid', 464000.0, NOW(), NOW())
            ON CONFLICT (id) DO NOTHING;
INSERT INTO contract_payment_nodes (id, contract_id, name, percentage, amount,
            planned_date, actual_date, status, paid_amount, created_at, updated_at)
            VALUES (195, 119, '尾款(20%)', 20, 185600.0,
            DATE '2026-04-30', DATE '2026-04-28', 'paid', 185600.0, NOW(), NOW())
            ON CONFLICT (id) DO NOTHING;
INSERT INTO construction_logs (id, project_id, user_id, work_date, weather,
            content, work_hours, status, created_at, updated_at)
            VALUES (151, 74, 15, DATE '2026-02-03', '晴',
            '设备安装 - 深圳市采购类项目#3', 6.0, 'submitted', NOW(), NOW())
            ON CONFLICT (id) DO NOTHING;
INSERT INTO construction_logs (id, project_id, user_id, work_date, weather,
            content, work_hours, status, created_at, updated_at)
            VALUES (152, 74, 16, DATE '2026-03-06', '阴',
            '线路铺设 - 深圳市采购类项目#3', 7.0, 'submitted', NOW(), NOW())
            ON CONFLICT (id) DO NOTHING;
INSERT INTO construction_logs (id, project_id, user_id, work_date, weather,
            content, work_hours, status, created_at, updated_at)
            VALUES (153, 74, 17, DATE '2026-04-09', '雨',
            '设备调试 - 深圳市采购类项目#3', 8.0, 'submitted', NOW(), NOW())
            ON CONFLICT (id) DO NOTHING;
INSERT INTO construction_logs (id, project_id, user_id, work_date, weather,
            content, work_hours, status, created_at, updated_at)
            VALUES (154, 74, 19, DATE '2026-05-12', '多云',
            '现场勘测 - 深圳市采购类项目#3', 9.0, 'submitted', NOW(), NOW())
            ON CONFLICT (id) DO NOTHING;
INSERT INTO construction_logs (id, project_id, user_id, work_date, weather,
            content, work_hours, status, created_at, updated_at)
            VALUES (155, 74, 20, DATE '2026-06-15', '雪',
            '系统联调 - 深圳市采购类项目#3', 6.0, 'submitted', NOW(), NOW())
            ON CONFLICT (id) DO NOTHING;
INSERT INTO construction_logs (id, project_id, user_id, work_date, weather,
            content, work_hours, status, created_at, updated_at)
            VALUES (156, 74, 1, DATE '2026-01-18', '晴',
            '电源接入 - 深圳市采购类项目#3', 7.0, 'submitted', NOW(), NOW())
            ON CONFLICT (id) DO NOTHING;
INSERT INTO construction_logs (id, project_id, user_id, work_date, weather,
            content, work_hours, status, created_at, updated_at)
            VALUES (157, 74, 2, DATE '2026-02-21', '阴',
            '网络配置 - 深圳市采购类项目#3', 8.0, 'submitted', NOW(), NOW())
            ON CONFLICT (id) DO NOTHING;
INSERT INTO construction_logs (id, project_id, user_id, work_date, weather,
            content, work_hours, status, created_at, updated_at)
            VALUES (158, 74, 3, DATE '2026-03-24', '雨',
            '客户培训 - 深圳市采购类项目#3', 9.0, 'submitted', NOW(), NOW())
            ON CONFLICT (id) DO NOTHING;
INSERT INTO construction_logs (id, project_id, user_id, work_date, weather,
            content, work_hours, status, created_at, updated_at)
            VALUES (159, 74, 15, DATE '2026-04-27', '多云',
            '验收测试 - 深圳市采购类项目#3', 6.0, 'submitted', NOW(), NOW())
            ON CONFLICT (id) DO NOTHING;
INSERT INTO construction_logs (id, project_id, user_id, work_date, weather,
            content, work_hours, status, created_at, updated_at)
            VALUES (160, 74, 16, DATE '2026-05-30', '雪',
            '文档归档 - 深圳市采购类项目#3', 7.0, 'submitted', NOW(), NOW())
            ON CONFLICT (id) DO NOTHING;
INSERT INTO construction_logs (id, project_id, user_id, work_date, weather,
            content, work_hours, status, created_at, updated_at)
            VALUES (161, 75, 15, DATE '2026-06-03', '晴',
            '设备安装 - 杭州市施工类项目#4', 6.0, 'submitted', NOW(), NOW())
            ON CONFLICT (id) DO NOTHING;
INSERT INTO construction_logs (id, project_id, user_id, work_date, weather,
            content, work_hours, status, created_at, updated_at)
            VALUES (162, 75, 16, DATE '2026-01-06', '阴',
            '线路铺设 - 杭州市施工类项目#4', 7.0, 'submitted', NOW(), NOW())
            ON CONFLICT (id) DO NOTHING;
INSERT INTO construction_logs (id, project_id, user_id, work_date, weather,
            content, work_hours, status, created_at, updated_at)
            VALUES (163, 75, 17, DATE '2026-02-09', '雨',
            '设备调试 - 杭州市施工类项目#4', 8.0, 'submitted', NOW(), NOW())
            ON CONFLICT (id) DO NOTHING;
INSERT INTO construction_logs (id, project_id, user_id, work_date, weather,
            content, work_hours, status, created_at, updated_at)
            VALUES (164, 75, 19, DATE '2026-03-12', '多云',
            '现场勘测 - 杭州市施工类项目#4', 9.0, 'submitted', NOW(), NOW())
            ON CONFLICT (id) DO NOTHING;
INSERT INTO construction_logs (id, project_id, user_id, work_date, weather,
            content, work_hours, status, created_at, updated_at)
            VALUES (165, 75, 20, DATE '2026-04-15', '雪',
            '系统联调 - 杭州市施工类项目#4', 6.0, 'submitted', NOW(), NOW())
            ON CONFLICT (id) DO NOTHING;
INSERT INTO construction_logs (id, project_id, user_id, work_date, weather,
            content, work_hours, status, created_at, updated_at)
            VALUES (166, 75, 1, DATE '2026-05-18', '晴',
            '电源接入 - 杭州市施工类项目#4', 7.0, 'submitted', NOW(), NOW())
            ON CONFLICT (id) DO NOTHING;
INSERT INTO construction_logs (id, project_id, user_id, work_date, weather,
            content, work_hours, status, created_at, updated_at)
            VALUES (167, 75, 2, DATE '2026-06-21', '阴',
            '网络配置 - 杭州市施工类项目#4', 8.0, 'submitted', NOW(), NOW())
            ON CONFLICT (id) DO NOTHING;
INSERT INTO construction_logs (id, project_id, user_id, work_date, weather,
            content, work_hours, status, created_at, updated_at)
            VALUES (168, 75, 3, DATE '2026-01-24', '雨',
            '客户培训 - 杭州市施工类项目#4', 9.0, 'submitted', NOW(), NOW())
            ON CONFLICT (id) DO NOTHING;
INSERT INTO construction_logs (id, project_id, user_id, work_date, weather,
            content, work_hours, status, created_at, updated_at)
            VALUES (169, 75, 15, DATE '2026-02-27', '多云',
            '验收测试 - 杭州市施工类项目#4', 6.0, 'submitted', NOW(), NOW())
            ON CONFLICT (id) DO NOTHING;
INSERT INTO construction_logs (id, project_id, user_id, work_date, weather,
            content, work_hours, status, created_at, updated_at)
            VALUES (170, 75, 16, DATE '2026-03-30', '雪',
            '文档归档 - 杭州市施工类项目#4', 7.0, 'submitted', NOW(), NOW())
            ON CONFLICT (id) DO NOTHING;
INSERT INTO construction_logs (id, project_id, user_id, work_date, weather,
            content, work_hours, status, created_at, updated_at)
            VALUES (171, 76, 15, DATE '2026-04-03', '晴',
            '设备安装 - 成都市结算类项目#5', 6.0, 'submitted', NOW(), NOW())
            ON CONFLICT (id) DO NOTHING;
INSERT INTO construction_logs (id, project_id, user_id, work_date, weather,
            content, work_hours, status, created_at, updated_at)
            VALUES (172, 76, 16, DATE '2026-05-06', '阴',
            '线路铺设 - 成都市结算类项目#5', 7.0, 'submitted', NOW(), NOW())
            ON CONFLICT (id) DO NOTHING;
INSERT INTO construction_logs (id, project_id, user_id, work_date, weather,
            content, work_hours, status, created_at, updated_at)
            VALUES (173, 76, 17, DATE '2026-06-09', '雨',
            '设备调试 - 成都市结算类项目#5', 8.0, 'submitted', NOW(), NOW())
            ON CONFLICT (id) DO NOTHING;
INSERT INTO construction_logs (id, project_id, user_id, work_date, weather,
            content, work_hours, status, created_at, updated_at)
            VALUES (174, 76, 19, DATE '2026-01-12', '多云',
            '现场勘测 - 成都市结算类项目#5', 9.0, 'submitted', NOW(), NOW())
            ON CONFLICT (id) DO NOTHING;
INSERT INTO construction_logs (id, project_id, user_id, work_date, weather,
            content, work_hours, status, created_at, updated_at)
            VALUES (175, 76, 20, DATE '2026-02-15', '雪',
            '系统联调 - 成都市结算类项目#5', 6.0, 'submitted', NOW(), NOW())
            ON CONFLICT (id) DO NOTHING;
INSERT INTO construction_logs (id, project_id, user_id, work_date, weather,
            content, work_hours, status, created_at, updated_at)
            VALUES (176, 76, 1, DATE '2026-03-18', '晴',
            '电源接入 - 成都市结算类项目#5', 7.0, 'submitted', NOW(), NOW())
            ON CONFLICT (id) DO NOTHING;
INSERT INTO construction_logs (id, project_id, user_id, work_date, weather,
            content, work_hours, status, created_at, updated_at)
            VALUES (177, 76, 2, DATE '2026-04-21', '阴',
            '网络配置 - 成都市结算类项目#5', 8.0, 'submitted', NOW(), NOW())
            ON CONFLICT (id) DO NOTHING;
INSERT INTO construction_logs (id, project_id, user_id, work_date, weather,
            content, work_hours, status, created_at, updated_at)
            VALUES (178, 76, 3, DATE '2026-05-24', '雨',
            '客户培训 - 成都市结算类项目#5', 9.0, 'submitted', NOW(), NOW())
            ON CONFLICT (id) DO NOTHING;
INSERT INTO construction_logs (id, project_id, user_id, work_date, weather,
            content, work_hours, status, created_at, updated_at)
            VALUES (179, 76, 15, DATE '2026-06-27', '多云',
            '验收测试 - 成都市结算类项目#5', 6.0, 'submitted', NOW(), NOW())
            ON CONFLICT (id) DO NOTHING;
INSERT INTO construction_logs (id, project_id, user_id, work_date, weather,
            content, work_hours, status, created_at, updated_at)
            VALUES (180, 76, 16, DATE '2026-01-30', '雪',
            '文档归档 - 成都市结算类项目#5', 7.0, 'submitted', NOW(), NOW())
            ON CONFLICT (id) DO NOTHING;
INSERT INTO construction_logs (id, project_id, user_id, work_date, weather,
            content, work_hours, status, created_at, updated_at)
            VALUES (181, 77, 15, DATE '2026-02-03', '晴',
            '设备安装 - 武汉市维保类项目#6', 6.0, 'submitted', NOW(), NOW())
            ON CONFLICT (id) DO NOTHING;
INSERT INTO construction_logs (id, project_id, user_id, work_date, weather,
            content, work_hours, status, created_at, updated_at)
            VALUES (182, 77, 16, DATE '2026-03-06', '阴',
            '线路铺设 - 武汉市维保类项目#6', 7.0, 'submitted', NOW(), NOW())
            ON CONFLICT (id) DO NOTHING;
INSERT INTO construction_logs (id, project_id, user_id, work_date, weather,
            content, work_hours, status, created_at, updated_at)
            VALUES (183, 77, 17, DATE '2026-04-09', '雨',
            '设备调试 - 武汉市维保类项目#6', 8.0, 'submitted', NOW(), NOW())
            ON CONFLICT (id) DO NOTHING;
INSERT INTO construction_logs (id, project_id, user_id, work_date, weather,
            content, work_hours, status, created_at, updated_at)
            VALUES (184, 77, 19, DATE '2026-05-12', '多云',
            '现场勘测 - 武汉市维保类项目#6', 9.0, 'submitted', NOW(), NOW())
            ON CONFLICT (id) DO NOTHING;
INSERT INTO construction_logs (id, project_id, user_id, work_date, weather,
            content, work_hours, status, created_at, updated_at)
            VALUES (185, 77, 20, DATE '2026-06-15', '雪',
            '系统联调 - 武汉市维保类项目#6', 6.0, 'submitted', NOW(), NOW())
            ON CONFLICT (id) DO NOTHING;
INSERT INTO construction_logs (id, project_id, user_id, work_date, weather,
            content, work_hours, status, created_at, updated_at)
            VALUES (186, 77, 1, DATE '2026-01-18', '晴',
            '电源接入 - 武汉市维保类项目#6', 7.0, 'submitted', NOW(), NOW())
            ON CONFLICT (id) DO NOTHING;
INSERT INTO construction_logs (id, project_id, user_id, work_date, weather,
            content, work_hours, status, created_at, updated_at)
            VALUES (187, 77, 2, DATE '2026-02-21', '阴',
            '网络配置 - 武汉市维保类项目#6', 8.0, 'submitted', NOW(), NOW())
            ON CONFLICT (id) DO NOTHING;
INSERT INTO construction_logs (id, project_id, user_id, work_date, weather,
            content, work_hours, status, created_at, updated_at)
            VALUES (188, 77, 3, DATE '2026-03-24', '雨',
            '客户培训 - 武汉市维保类项目#6', 9.0, 'submitted', NOW(), NOW())
            ON CONFLICT (id) DO NOTHING;
INSERT INTO construction_logs (id, project_id, user_id, work_date, weather,
            content, work_hours, status, created_at, updated_at)
            VALUES (189, 77, 15, DATE '2026-04-27', '多云',
            '验收测试 - 武汉市维保类项目#6', 6.0, 'submitted', NOW(), NOW())
            ON CONFLICT (id) DO NOTHING;
INSERT INTO construction_logs (id, project_id, user_id, work_date, weather,
            content, work_hours, status, created_at, updated_at)
            VALUES (190, 77, 16, DATE '2026-05-30', '雪',
            '文档归档 - 武汉市维保类项目#6', 7.0, 'submitted', NOW(), NOW())
            ON CONFLICT (id) DO NOTHING;
INSERT INTO construction_logs (id, project_id, user_id, work_date, weather,
            content, work_hours, status, created_at, updated_at)
            VALUES (191, 81, 15, DATE '2026-06-03', '晴',
            '设备安装 - 北京市采购类项目#10', 6.0, 'submitted', NOW(), NOW())
            ON CONFLICT (id) DO NOTHING;
INSERT INTO construction_logs (id, project_id, user_id, work_date, weather,
            content, work_hours, status, created_at, updated_at)
            VALUES (192, 81, 16, DATE '2026-01-06', '阴',
            '线路铺设 - 北京市采购类项目#10', 7.0, 'submitted', NOW(), NOW())
            ON CONFLICT (id) DO NOTHING;
INSERT INTO construction_logs (id, project_id, user_id, work_date, weather,
            content, work_hours, status, created_at, updated_at)
            VALUES (193, 81, 17, DATE '2026-02-09', '雨',
            '设备调试 - 北京市采购类项目#10', 8.0, 'submitted', NOW(), NOW())
            ON CONFLICT (id) DO NOTHING;
INSERT INTO construction_logs (id, project_id, user_id, work_date, weather,
            content, work_hours, status, created_at, updated_at)
            VALUES (194, 81, 19, DATE '2026-03-12', '多云',
            '现场勘测 - 北京市采购类项目#10', 9.0, 'submitted', NOW(), NOW())
            ON CONFLICT (id) DO NOTHING;
INSERT INTO construction_logs (id, project_id, user_id, work_date, weather,
            content, work_hours, status, created_at, updated_at)
            VALUES (195, 81, 20, DATE '2026-04-15', '雪',
            '系统联调 - 北京市采购类项目#10', 6.0, 'submitted', NOW(), NOW())
            ON CONFLICT (id) DO NOTHING;
INSERT INTO construction_logs (id, project_id, user_id, work_date, weather,
            content, work_hours, status, created_at, updated_at)
            VALUES (196, 81, 1, DATE '2026-05-18', '晴',
            '电源接入 - 北京市采购类项目#10', 7.0, 'submitted', NOW(), NOW())
            ON CONFLICT (id) DO NOTHING;
INSERT INTO construction_logs (id, project_id, user_id, work_date, weather,
            content, work_hours, status, created_at, updated_at)
            VALUES (197, 81, 2, DATE '2026-06-21', '阴',
            '网络配置 - 北京市采购类项目#10', 8.0, 'submitted', NOW(), NOW())
            ON CONFLICT (id) DO NOTHING;
INSERT INTO construction_logs (id, project_id, user_id, work_date, weather,
            content, work_hours, status, created_at, updated_at)
            VALUES (198, 81, 3, DATE '2026-01-24', '雨',
            '客户培训 - 北京市采购类项目#10', 9.0, 'submitted', NOW(), NOW())
            ON CONFLICT (id) DO NOTHING;
INSERT INTO construction_logs (id, project_id, user_id, work_date, weather,
            content, work_hours, status, created_at, updated_at)
            VALUES (199, 81, 15, DATE '2026-02-27', '多云',
            '验收测试 - 北京市采购类项目#10', 6.0, 'submitted', NOW(), NOW())
            ON CONFLICT (id) DO NOTHING;
INSERT INTO construction_logs (id, project_id, user_id, work_date, weather,
            content, work_hours, status, created_at, updated_at)
            VALUES (200, 81, 16, DATE '2026-03-30', '雪',
            '文档归档 - 北京市采购类项目#10', 7.0, 'submitted', NOW(), NOW())
            ON CONFLICT (id) DO NOTHING;
INSERT INTO construction_logs (id, project_id, user_id, work_date, weather,
            content, work_hours, status, created_at, updated_at)
            VALUES (201, 82, 15, DATE '2026-04-03', '晴',
            '设备安装 - 上海市施工类项目#11', 6.0, 'submitted', NOW(), NOW())
            ON CONFLICT (id) DO NOTHING;
INSERT INTO construction_logs (id, project_id, user_id, work_date, weather,
            content, work_hours, status, created_at, updated_at)
            VALUES (202, 82, 16, DATE '2026-05-06', '阴',
            '线路铺设 - 上海市施工类项目#11', 7.0, 'submitted', NOW(), NOW())
            ON CONFLICT (id) DO NOTHING;
INSERT INTO construction_logs (id, project_id, user_id, work_date, weather,
            content, work_hours, status, created_at, updated_at)
            VALUES (203, 82, 17, DATE '2026-06-09', '雨',
            '设备调试 - 上海市施工类项目#11', 8.0, 'submitted', NOW(), NOW())
            ON CONFLICT (id) DO NOTHING;
INSERT INTO construction_logs (id, project_id, user_id, work_date, weather,
            content, work_hours, status, created_at, updated_at)
            VALUES (204, 82, 19, DATE '2026-01-12', '多云',
            '现场勘测 - 上海市施工类项目#11', 9.0, 'submitted', NOW(), NOW())
            ON CONFLICT (id) DO NOTHING;
INSERT INTO construction_logs (id, project_id, user_id, work_date, weather,
            content, work_hours, status, created_at, updated_at)
            VALUES (205, 82, 20, DATE '2026-02-15', '雪',
            '系统联调 - 上海市施工类项目#11', 6.0, 'submitted', NOW(), NOW())
            ON CONFLICT (id) DO NOTHING;
INSERT INTO construction_logs (id, project_id, user_id, work_date, weather,
            content, work_hours, status, created_at, updated_at)
            VALUES (206, 82, 1, DATE '2026-03-18', '晴',
            '电源接入 - 上海市施工类项目#11', 7.0, 'submitted', NOW(), NOW())
            ON CONFLICT (id) DO NOTHING;
INSERT INTO construction_logs (id, project_id, user_id, work_date, weather,
            content, work_hours, status, created_at, updated_at)
            VALUES (207, 82, 2, DATE '2026-04-21', '阴',
            '网络配置 - 上海市施工类项目#11', 8.0, 'submitted', NOW(), NOW())
            ON CONFLICT (id) DO NOTHING;
INSERT INTO construction_logs (id, project_id, user_id, work_date, weather,
            content, work_hours, status, created_at, updated_at)
            VALUES (208, 82, 3, DATE '2026-05-24', '雨',
            '客户培训 - 上海市施工类项目#11', 9.0, 'submitted', NOW(), NOW())
            ON CONFLICT (id) DO NOTHING;
INSERT INTO construction_logs (id, project_id, user_id, work_date, weather,
            content, work_hours, status, created_at, updated_at)
            VALUES (209, 82, 15, DATE '2026-06-27', '多云',
            '验收测试 - 上海市施工类项目#11', 6.0, 'submitted', NOW(), NOW())
            ON CONFLICT (id) DO NOTHING;
INSERT INTO construction_logs (id, project_id, user_id, work_date, weather,
            content, work_hours, status, created_at, updated_at)
            VALUES (210, 82, 16, DATE '2026-01-30', '雪',
            '文档归档 - 上海市施工类项目#11', 7.0, 'submitted', NOW(), NOW())
            ON CONFLICT (id) DO NOTHING;
INSERT INTO construction_logs (id, project_id, user_id, work_date, weather,
            content, work_hours, status, created_at, updated_at)
            VALUES (211, 83, 15, DATE '2026-02-03', '晴',
            '设备安装 - 广州市结算类项目#12', 6.0, 'submitted', NOW(), NOW())
            ON CONFLICT (id) DO NOTHING;
INSERT INTO construction_logs (id, project_id, user_id, work_date, weather,
            content, work_hours, status, created_at, updated_at)
            VALUES (212, 83, 16, DATE '2026-03-06', '阴',
            '线路铺设 - 广州市结算类项目#12', 7.0, 'submitted', NOW(), NOW())
            ON CONFLICT (id) DO NOTHING;
INSERT INTO construction_logs (id, project_id, user_id, work_date, weather,
            content, work_hours, status, created_at, updated_at)
            VALUES (213, 83, 17, DATE '2026-04-09', '雨',
            '设备调试 - 广州市结算类项目#12', 8.0, 'submitted', NOW(), NOW())
            ON CONFLICT (id) DO NOTHING;
INSERT INTO construction_logs (id, project_id, user_id, work_date, weather,
            content, work_hours, status, created_at, updated_at)
            VALUES (214, 83, 19, DATE '2026-05-12', '多云',
            '现场勘测 - 广州市结算类项目#12', 9.0, 'submitted', NOW(), NOW())
            ON CONFLICT (id) DO NOTHING;
INSERT INTO construction_logs (id, project_id, user_id, work_date, weather,
            content, work_hours, status, created_at, updated_at)
            VALUES (215, 83, 20, DATE '2026-06-15', '雪',
            '系统联调 - 广州市结算类项目#12', 6.0, 'submitted', NOW(), NOW())
            ON CONFLICT (id) DO NOTHING;
INSERT INTO construction_logs (id, project_id, user_id, work_date, weather,
            content, work_hours, status, created_at, updated_at)
            VALUES (216, 83, 1, DATE '2026-01-18', '晴',
            '电源接入 - 广州市结算类项目#12', 7.0, 'submitted', NOW(), NOW())
            ON CONFLICT (id) DO NOTHING;
INSERT INTO construction_logs (id, project_id, user_id, work_date, weather,
            content, work_hours, status, created_at, updated_at)
            VALUES (217, 83, 2, DATE '2026-02-21', '阴',
            '网络配置 - 广州市结算类项目#12', 8.0, 'submitted', NOW(), NOW())
            ON CONFLICT (id) DO NOTHING;
INSERT INTO construction_logs (id, project_id, user_id, work_date, weather,
            content, work_hours, status, created_at, updated_at)
            VALUES (218, 83, 3, DATE '2026-03-24', '雨',
            '客户培训 - 广州市结算类项目#12', 9.0, 'submitted', NOW(), NOW())
            ON CONFLICT (id) DO NOTHING;
INSERT INTO construction_logs (id, project_id, user_id, work_date, weather,
            content, work_hours, status, created_at, updated_at)
            VALUES (219, 83, 15, DATE '2026-04-27', '多云',
            '验收测试 - 广州市结算类项目#12', 6.0, 'submitted', NOW(), NOW())
            ON CONFLICT (id) DO NOTHING;
INSERT INTO construction_logs (id, project_id, user_id, work_date, weather,
            content, work_hours, status, created_at, updated_at)
            VALUES (220, 83, 16, DATE '2026-05-30', '雪',
            '文档归档 - 广州市结算类项目#12', 7.0, 'submitted', NOW(), NOW())
            ON CONFLICT (id) DO NOTHING;
INSERT INTO construction_logs (id, project_id, user_id, work_date, weather,
            content, work_hours, status, created_at, updated_at)
            VALUES (221, 84, 15, DATE '2026-06-03', '晴',
            '设备安装 - 深圳市维保类项目#13', 6.0, 'submitted', NOW(), NOW())
            ON CONFLICT (id) DO NOTHING;
INSERT INTO construction_logs (id, project_id, user_id, work_date, weather,
            content, work_hours, status, created_at, updated_at)
            VALUES (222, 84, 16, DATE '2026-01-06', '阴',
            '线路铺设 - 深圳市维保类项目#13', 7.0, 'submitted', NOW(), NOW())
            ON CONFLICT (id) DO NOTHING;
INSERT INTO construction_logs (id, project_id, user_id, work_date, weather,
            content, work_hours, status, created_at, updated_at)
            VALUES (223, 84, 17, DATE '2026-02-09', '雨',
            '设备调试 - 深圳市维保类项目#13', 8.0, 'submitted', NOW(), NOW())
            ON CONFLICT (id) DO NOTHING;
INSERT INTO construction_logs (id, project_id, user_id, work_date, weather,
            content, work_hours, status, created_at, updated_at)
            VALUES (224, 84, 19, DATE '2026-03-12', '多云',
            '现场勘测 - 深圳市维保类项目#13', 9.0, 'submitted', NOW(), NOW())
            ON CONFLICT (id) DO NOTHING;
INSERT INTO construction_logs (id, project_id, user_id, work_date, weather,
            content, work_hours, status, created_at, updated_at)
            VALUES (225, 84, 20, DATE '2026-04-15', '雪',
            '系统联调 - 深圳市维保类项目#13', 6.0, 'submitted', NOW(), NOW())
            ON CONFLICT (id) DO NOTHING;
INSERT INTO construction_logs (id, project_id, user_id, work_date, weather,
            content, work_hours, status, created_at, updated_at)
            VALUES (226, 84, 1, DATE '2026-05-18', '晴',
            '电源接入 - 深圳市维保类项目#13', 7.0, 'submitted', NOW(), NOW())
            ON CONFLICT (id) DO NOTHING;
INSERT INTO construction_logs (id, project_id, user_id, work_date, weather,
            content, work_hours, status, created_at, updated_at)
            VALUES (227, 84, 2, DATE '2026-06-21', '阴',
            '网络配置 - 深圳市维保类项目#13', 8.0, 'submitted', NOW(), NOW())
            ON CONFLICT (id) DO NOTHING;
INSERT INTO construction_logs (id, project_id, user_id, work_date, weather,
            content, work_hours, status, created_at, updated_at)
            VALUES (228, 84, 3, DATE '2026-01-24', '雨',
            '客户培训 - 深圳市维保类项目#13', 9.0, 'submitted', NOW(), NOW())
            ON CONFLICT (id) DO NOTHING;
INSERT INTO construction_logs (id, project_id, user_id, work_date, weather,
            content, work_hours, status, created_at, updated_at)
            VALUES (229, 84, 15, DATE '2026-02-27', '多云',
            '验收测试 - 深圳市维保类项目#13', 6.0, 'submitted', NOW(), NOW())
            ON CONFLICT (id) DO NOTHING;
INSERT INTO construction_logs (id, project_id, user_id, work_date, weather,
            content, work_hours, status, created_at, updated_at)
            VALUES (230, 84, 16, DATE '2026-03-30', '雪',
            '文档归档 - 深圳市维保类项目#13', 7.0, 'submitted', NOW(), NOW())
            ON CONFLICT (id) DO NOTHING;
INSERT INTO construction_logs (id, project_id, user_id, work_date, weather,
            content, work_hours, status, created_at, updated_at)
            VALUES (231, 88, 15, DATE '2026-04-03', '晴',
            '设备安装 - 南京市采购类项目#17', 6.0, 'submitted', NOW(), NOW())
            ON CONFLICT (id) DO NOTHING;
INSERT INTO construction_logs (id, project_id, user_id, work_date, weather,
            content, work_hours, status, created_at, updated_at)
            VALUES (232, 88, 16, DATE '2026-05-06', '阴',
            '线路铺设 - 南京市采购类项目#17', 7.0, 'submitted', NOW(), NOW())
            ON CONFLICT (id) DO NOTHING;
INSERT INTO construction_logs (id, project_id, user_id, work_date, weather,
            content, work_hours, status, created_at, updated_at)
            VALUES (233, 88, 17, DATE '2026-06-09', '雨',
            '设备调试 - 南京市采购类项目#17', 8.0, 'submitted', NOW(), NOW())
            ON CONFLICT (id) DO NOTHING;
INSERT INTO construction_logs (id, project_id, user_id, work_date, weather,
            content, work_hours, status, created_at, updated_at)
            VALUES (234, 88, 19, DATE '2026-01-12', '多云',
            '现场勘测 - 南京市采购类项目#17', 9.0, 'submitted', NOW(), NOW())
            ON CONFLICT (id) DO NOTHING;
INSERT INTO construction_logs (id, project_id, user_id, work_date, weather,
            content, work_hours, status, created_at, updated_at)
            VALUES (235, 88, 20, DATE '2026-02-15', '雪',
            '系统联调 - 南京市采购类项目#17', 6.0, 'submitted', NOW(), NOW())
            ON CONFLICT (id) DO NOTHING;
INSERT INTO construction_logs (id, project_id, user_id, work_date, weather,
            content, work_hours, status, created_at, updated_at)
            VALUES (236, 88, 1, DATE '2026-03-18', '晴',
            '电源接入 - 南京市采购类项目#17', 7.0, 'submitted', NOW(), NOW())
            ON CONFLICT (id) DO NOTHING;
INSERT INTO construction_logs (id, project_id, user_id, work_date, weather,
            content, work_hours, status, created_at, updated_at)
            VALUES (237, 88, 2, DATE '2026-04-21', '阴',
            '网络配置 - 南京市采购类项目#17', 8.0, 'submitted', NOW(), NOW())
            ON CONFLICT (id) DO NOTHING;
INSERT INTO construction_logs (id, project_id, user_id, work_date, weather,
            content, work_hours, status, created_at, updated_at)
            VALUES (238, 88, 3, DATE '2026-05-24', '雨',
            '客户培训 - 南京市采购类项目#17', 9.0, 'submitted', NOW(), NOW())
            ON CONFLICT (id) DO NOTHING;
INSERT INTO construction_logs (id, project_id, user_id, work_date, weather,
            content, work_hours, status, created_at, updated_at)
            VALUES (239, 88, 15, DATE '2026-06-27', '多云',
            '验收测试 - 南京市采购类项目#17', 6.0, 'submitted', NOW(), NOW())
            ON CONFLICT (id) DO NOTHING;
INSERT INTO construction_logs (id, project_id, user_id, work_date, weather,
            content, work_hours, status, created_at, updated_at)
            VALUES (240, 88, 16, DATE '2026-01-30', '雪',
            '文档归档 - 南京市采购类项目#17', 7.0, 'submitted', NOW(), NOW())
            ON CONFLICT (id) DO NOTHING;
INSERT INTO construction_logs (id, project_id, user_id, work_date, weather,
            content, work_hours, status, created_at, updated_at)
            VALUES (241, 89, 15, DATE '2026-02-03', '晴',
            '设备安装 - 西安市施工类项目#18', 6.0, 'submitted', NOW(), NOW())
            ON CONFLICT (id) DO NOTHING;
INSERT INTO construction_logs (id, project_id, user_id, work_date, weather,
            content, work_hours, status, created_at, updated_at)
            VALUES (242, 89, 16, DATE '2026-03-06', '阴',
            '线路铺设 - 西安市施工类项目#18', 7.0, 'submitted', NOW(), NOW())
            ON CONFLICT (id) DO NOTHING;
INSERT INTO construction_logs (id, project_id, user_id, work_date, weather,
            content, work_hours, status, created_at, updated_at)
            VALUES (243, 89, 17, DATE '2026-04-09', '雨',
            '设备调试 - 西安市施工类项目#18', 8.0, 'submitted', NOW(), NOW())
            ON CONFLICT (id) DO NOTHING;
INSERT INTO construction_logs (id, project_id, user_id, work_date, weather,
            content, work_hours, status, created_at, updated_at)
            VALUES (244, 89, 19, DATE '2026-05-12', '多云',
            '现场勘测 - 西安市施工类项目#18', 9.0, 'submitted', NOW(), NOW())
            ON CONFLICT (id) DO NOTHING;
INSERT INTO construction_logs (id, project_id, user_id, work_date, weather,
            content, work_hours, status, created_at, updated_at)
            VALUES (245, 89, 20, DATE '2026-06-15', '雪',
            '系统联调 - 西安市施工类项目#18', 6.0, 'submitted', NOW(), NOW())
            ON CONFLICT (id) DO NOTHING;
INSERT INTO construction_logs (id, project_id, user_id, work_date, weather,
            content, work_hours, status, created_at, updated_at)
            VALUES (246, 89, 1, DATE '2026-01-18', '晴',
            '电源接入 - 西安市施工类项目#18', 7.0, 'submitted', NOW(), NOW())
            ON CONFLICT (id) DO NOTHING;
INSERT INTO construction_logs (id, project_id, user_id, work_date, weather,
            content, work_hours, status, created_at, updated_at)
            VALUES (247, 89, 2, DATE '2026-02-21', '阴',
            '网络配置 - 西安市施工类项目#18', 8.0, 'submitted', NOW(), NOW())
            ON CONFLICT (id) DO NOTHING;
INSERT INTO construction_logs (id, project_id, user_id, work_date, weather,
            content, work_hours, status, created_at, updated_at)
            VALUES (248, 89, 3, DATE '2026-03-24', '雨',
            '客户培训 - 西安市施工类项目#18', 9.0, 'submitted', NOW(), NOW())
            ON CONFLICT (id) DO NOTHING;
INSERT INTO construction_logs (id, project_id, user_id, work_date, weather,
            content, work_hours, status, created_at, updated_at)
            VALUES (249, 89, 15, DATE '2026-04-27', '多云',
            '验收测试 - 西安市施工类项目#18', 6.0, 'submitted', NOW(), NOW())
            ON CONFLICT (id) DO NOTHING;
INSERT INTO construction_logs (id, project_id, user_id, work_date, weather,
            content, work_hours, status, created_at, updated_at)
            VALUES (250, 89, 16, DATE '2026-05-30', '雪',
            '文档归档 - 西安市施工类项目#18', 7.0, 'submitted', NOW(), NOW())
            ON CONFLICT (id) DO NOTHING;
INSERT INTO construction_logs (id, project_id, user_id, work_date, weather,
            content, work_hours, status, created_at, updated_at)
            VALUES (251, 90, 15, DATE '2026-06-03', '晴',
            '设备安装 - 重庆市结算类项目#19', 6.0, 'submitted', NOW(), NOW())
            ON CONFLICT (id) DO NOTHING;
INSERT INTO construction_logs (id, project_id, user_id, work_date, weather,
            content, work_hours, status, created_at, updated_at)
            VALUES (252, 90, 16, DATE '2026-01-06', '阴',
            '线路铺设 - 重庆市结算类项目#19', 7.0, 'submitted', NOW(), NOW())
            ON CONFLICT (id) DO NOTHING;
INSERT INTO construction_logs (id, project_id, user_id, work_date, weather,
            content, work_hours, status, created_at, updated_at)
            VALUES (253, 90, 17, DATE '2026-02-09', '雨',
            '设备调试 - 重庆市结算类项目#19', 8.0, 'submitted', NOW(), NOW())
            ON CONFLICT (id) DO NOTHING;
INSERT INTO construction_logs (id, project_id, user_id, work_date, weather,
            content, work_hours, status, created_at, updated_at)
            VALUES (254, 90, 19, DATE '2026-03-12', '多云',
            '现场勘测 - 重庆市结算类项目#19', 9.0, 'submitted', NOW(), NOW())
            ON CONFLICT (id) DO NOTHING;
INSERT INTO construction_logs (id, project_id, user_id, work_date, weather,
            content, work_hours, status, created_at, updated_at)
            VALUES (255, 90, 20, DATE '2026-04-15', '雪',
            '系统联调 - 重庆市结算类项目#19', 6.0, 'submitted', NOW(), NOW())
            ON CONFLICT (id) DO NOTHING;
INSERT INTO construction_logs (id, project_id, user_id, work_date, weather,
            content, work_hours, status, created_at, updated_at)
            VALUES (256, 90, 1, DATE '2026-05-18', '晴',
            '电源接入 - 重庆市结算类项目#19', 7.0, 'submitted', NOW(), NOW())
            ON CONFLICT (id) DO NOTHING;
INSERT INTO construction_logs (id, project_id, user_id, work_date, weather,
            content, work_hours, status, created_at, updated_at)
            VALUES (257, 90, 2, DATE '2026-06-21', '阴',
            '网络配置 - 重庆市结算类项目#19', 8.0, 'submitted', NOW(), NOW())
            ON CONFLICT (id) DO NOTHING;
INSERT INTO construction_logs (id, project_id, user_id, work_date, weather,
            content, work_hours, status, created_at, updated_at)
            VALUES (258, 90, 3, DATE '2026-01-24', '雨',
            '客户培训 - 重庆市结算类项目#19', 9.0, 'submitted', NOW(), NOW())
            ON CONFLICT (id) DO NOTHING;
INSERT INTO construction_logs (id, project_id, user_id, work_date, weather,
            content, work_hours, status, created_at, updated_at)
            VALUES (259, 90, 15, DATE '2026-02-27', '多云',
            '验收测试 - 重庆市结算类项目#19', 6.0, 'submitted', NOW(), NOW())
            ON CONFLICT (id) DO NOTHING;
INSERT INTO construction_logs (id, project_id, user_id, work_date, weather,
            content, work_hours, status, created_at, updated_at)
            VALUES (260, 90, 16, DATE '2026-03-30', '雪',
            '文档归档 - 重庆市结算类项目#19', 7.0, 'submitted', NOW(), NOW())
            ON CONFLICT (id) DO NOTHING;
INSERT INTO construction_logs (id, project_id, user_id, work_date, weather,
            content, work_hours, status, created_at, updated_at)
            VALUES (261, 91, 15, DATE '2026-04-03', '晴',
            '设备安装 - 北京市维保类项目#20', 6.0, 'submitted', NOW(), NOW())
            ON CONFLICT (id) DO NOTHING;
INSERT INTO construction_logs (id, project_id, user_id, work_date, weather,
            content, work_hours, status, created_at, updated_at)
            VALUES (262, 91, 16, DATE '2026-05-06', '阴',
            '线路铺设 - 北京市维保类项目#20', 7.0, 'submitted', NOW(), NOW())
            ON CONFLICT (id) DO NOTHING;
INSERT INTO construction_logs (id, project_id, user_id, work_date, weather,
            content, work_hours, status, created_at, updated_at)
            VALUES (263, 91, 17, DATE '2026-06-09', '雨',
            '设备调试 - 北京市维保类项目#20', 8.0, 'submitted', NOW(), NOW())
            ON CONFLICT (id) DO NOTHING;
INSERT INTO construction_logs (id, project_id, user_id, work_date, weather,
            content, work_hours, status, created_at, updated_at)
            VALUES (264, 91, 19, DATE '2026-01-12', '多云',
            '现场勘测 - 北京市维保类项目#20', 9.0, 'submitted', NOW(), NOW())
            ON CONFLICT (id) DO NOTHING;
INSERT INTO construction_logs (id, project_id, user_id, work_date, weather,
            content, work_hours, status, created_at, updated_at)
            VALUES (265, 91, 20, DATE '2026-02-15', '雪',
            '系统联调 - 北京市维保类项目#20', 6.0, 'submitted', NOW(), NOW())
            ON CONFLICT (id) DO NOTHING;
INSERT INTO construction_logs (id, project_id, user_id, work_date, weather,
            content, work_hours, status, created_at, updated_at)
            VALUES (266, 91, 1, DATE '2026-03-18', '晴',
            '电源接入 - 北京市维保类项目#20', 7.0, 'submitted', NOW(), NOW())
            ON CONFLICT (id) DO NOTHING;
INSERT INTO construction_logs (id, project_id, user_id, work_date, weather,
            content, work_hours, status, created_at, updated_at)
            VALUES (267, 91, 2, DATE '2026-04-21', '阴',
            '网络配置 - 北京市维保类项目#20', 8.0, 'submitted', NOW(), NOW())
            ON CONFLICT (id) DO NOTHING;
INSERT INTO construction_logs (id, project_id, user_id, work_date, weather,
            content, work_hours, status, created_at, updated_at)
            VALUES (268, 91, 3, DATE '2026-05-24', '雨',
            '客户培训 - 北京市维保类项目#20', 9.0, 'submitted', NOW(), NOW())
            ON CONFLICT (id) DO NOTHING;
INSERT INTO construction_logs (id, project_id, user_id, work_date, weather,
            content, work_hours, status, created_at, updated_at)
            VALUES (269, 91, 15, DATE '2026-06-27', '多云',
            '验收测试 - 北京市维保类项目#20', 6.0, 'submitted', NOW(), NOW())
            ON CONFLICT (id) DO NOTHING;
INSERT INTO construction_logs (id, project_id, user_id, work_date, weather,
            content, work_hours, status, created_at, updated_at)
            VALUES (270, 91, 16, DATE '2026-01-30', '雪',
            '文档归档 - 北京市维保类项目#20', 7.0, 'submitted', NOW(), NOW())
            ON CONFLICT (id) DO NOTHING;
INSERT INTO construction_logs (id, project_id, user_id, work_date, weather,
            content, work_hours, status, created_at, updated_at)
            VALUES (271, 95, 15, DATE '2026-02-03', '晴',
            '设备安装 - 杭州市采购类项目#24', 6.0, 'submitted', NOW(), NOW())
            ON CONFLICT (id) DO NOTHING;
INSERT INTO construction_logs (id, project_id, user_id, work_date, weather,
            content, work_hours, status, created_at, updated_at)
            VALUES (272, 95, 16, DATE '2026-03-06', '阴',
            '线路铺设 - 杭州市采购类项目#24', 7.0, 'submitted', NOW(), NOW())
            ON CONFLICT (id) DO NOTHING;
INSERT INTO construction_logs (id, project_id, user_id, work_date, weather,
            content, work_hours, status, created_at, updated_at)
            VALUES (273, 95, 17, DATE '2026-04-09', '雨',
            '设备调试 - 杭州市采购类项目#24', 8.0, 'submitted', NOW(), NOW())
            ON CONFLICT (id) DO NOTHING;
INSERT INTO construction_logs (id, project_id, user_id, work_date, weather,
            content, work_hours, status, created_at, updated_at)
            VALUES (274, 95, 19, DATE '2026-05-12', '多云',
            '现场勘测 - 杭州市采购类项目#24', 9.0, 'submitted', NOW(), NOW())
            ON CONFLICT (id) DO NOTHING;
INSERT INTO construction_logs (id, project_id, user_id, work_date, weather,
            content, work_hours, status, created_at, updated_at)
            VALUES (275, 95, 20, DATE '2026-06-15', '雪',
            '系统联调 - 杭州市采购类项目#24', 6.0, 'submitted', NOW(), NOW())
            ON CONFLICT (id) DO NOTHING;
INSERT INTO construction_logs (id, project_id, user_id, work_date, weather,
            content, work_hours, status, created_at, updated_at)
            VALUES (276, 95, 1, DATE '2026-01-18', '晴',
            '电源接入 - 杭州市采购类项目#24', 7.0, 'submitted', NOW(), NOW())
            ON CONFLICT (id) DO NOTHING;
INSERT INTO construction_logs (id, project_id, user_id, work_date, weather,
            content, work_hours, status, created_at, updated_at)
            VALUES (277, 95, 2, DATE '2026-02-21', '阴',
            '网络配置 - 杭州市采购类项目#24', 8.0, 'submitted', NOW(), NOW())
            ON CONFLICT (id) DO NOTHING;
INSERT INTO construction_logs (id, project_id, user_id, work_date, weather,
            content, work_hours, status, created_at, updated_at)
            VALUES (278, 95, 3, DATE '2026-03-24', '雨',
            '客户培训 - 杭州市采购类项目#24', 9.0, 'submitted', NOW(), NOW())
            ON CONFLICT (id) DO NOTHING;
INSERT INTO construction_logs (id, project_id, user_id, work_date, weather,
            content, work_hours, status, created_at, updated_at)
            VALUES (279, 95, 15, DATE '2026-04-27', '多云',
            '验收测试 - 杭州市采购类项目#24', 6.0, 'submitted', NOW(), NOW())
            ON CONFLICT (id) DO NOTHING;
INSERT INTO construction_logs (id, project_id, user_id, work_date, weather,
            content, work_hours, status, created_at, updated_at)
            VALUES (280, 95, 16, DATE '2026-05-30', '雪',
            '文档归档 - 杭州市采购类项目#24', 7.0, 'submitted', NOW(), NOW())
            ON CONFLICT (id) DO NOTHING;
INSERT INTO construction_logs (id, project_id, user_id, work_date, weather,
            content, work_hours, status, created_at, updated_at)
            VALUES (281, 96, 15, DATE '2026-06-03', '晴',
            '设备安装 - 成都市施工类项目#25', 6.0, 'submitted', NOW(), NOW())
            ON CONFLICT (id) DO NOTHING;
INSERT INTO construction_logs (id, project_id, user_id, work_date, weather,
            content, work_hours, status, created_at, updated_at)
            VALUES (282, 96, 16, DATE '2026-01-06', '阴',
            '线路铺设 - 成都市施工类项目#25', 7.0, 'submitted', NOW(), NOW())
            ON CONFLICT (id) DO NOTHING;
INSERT INTO construction_logs (id, project_id, user_id, work_date, weather,
            content, work_hours, status, created_at, updated_at)
            VALUES (283, 96, 17, DATE '2026-02-09', '雨',
            '设备调试 - 成都市施工类项目#25', 8.0, 'submitted', NOW(), NOW())
            ON CONFLICT (id) DO NOTHING;
INSERT INTO construction_logs (id, project_id, user_id, work_date, weather,
            content, work_hours, status, created_at, updated_at)
            VALUES (284, 96, 19, DATE '2026-03-12', '多云',
            '现场勘测 - 成都市施工类项目#25', 9.0, 'submitted', NOW(), NOW())
            ON CONFLICT (id) DO NOTHING;
INSERT INTO construction_logs (id, project_id, user_id, work_date, weather,
            content, work_hours, status, created_at, updated_at)
            VALUES (285, 96, 20, DATE '2026-04-15', '雪',
            '系统联调 - 成都市施工类项目#25', 6.0, 'submitted', NOW(), NOW())
            ON CONFLICT (id) DO NOTHING;
INSERT INTO construction_logs (id, project_id, user_id, work_date, weather,
            content, work_hours, status, created_at, updated_at)
            VALUES (286, 96, 1, DATE '2026-05-18', '晴',
            '电源接入 - 成都市施工类项目#25', 7.0, 'submitted', NOW(), NOW())
            ON CONFLICT (id) DO NOTHING;
INSERT INTO construction_logs (id, project_id, user_id, work_date, weather,
            content, work_hours, status, created_at, updated_at)
            VALUES (287, 96, 2, DATE '2026-06-21', '阴',
            '网络配置 - 成都市施工类项目#25', 8.0, 'submitted', NOW(), NOW())
            ON CONFLICT (id) DO NOTHING;
INSERT INTO construction_logs (id, project_id, user_id, work_date, weather,
            content, work_hours, status, created_at, updated_at)
            VALUES (288, 96, 3, DATE '2026-01-24', '雨',
            '客户培训 - 成都市施工类项目#25', 9.0, 'submitted', NOW(), NOW())
            ON CONFLICT (id) DO NOTHING;
INSERT INTO construction_logs (id, project_id, user_id, work_date, weather,
            content, work_hours, status, created_at, updated_at)
            VALUES (289, 96, 15, DATE '2026-02-27', '多云',
            '验收测试 - 成都市施工类项目#25', 6.0, 'submitted', NOW(), NOW())
            ON CONFLICT (id) DO NOTHING;
INSERT INTO construction_logs (id, project_id, user_id, work_date, weather,
            content, work_hours, status, created_at, updated_at)
            VALUES (290, 96, 16, DATE '2026-03-30', '雪',
            '文档归档 - 成都市施工类项目#25', 7.0, 'submitted', NOW(), NOW())
            ON CONFLICT (id) DO NOTHING;
INSERT INTO construction_logs (id, project_id, user_id, work_date, weather,
            content, work_hours, status, created_at, updated_at)
            VALUES (291, 97, 15, DATE '2026-04-03', '晴',
            '设备安装 - 武汉市结算类项目#26', 6.0, 'submitted', NOW(), NOW())
            ON CONFLICT (id) DO NOTHING;
INSERT INTO construction_logs (id, project_id, user_id, work_date, weather,
            content, work_hours, status, created_at, updated_at)
            VALUES (292, 97, 16, DATE '2026-05-06', '阴',
            '线路铺设 - 武汉市结算类项目#26', 7.0, 'submitted', NOW(), NOW())
            ON CONFLICT (id) DO NOTHING;
INSERT INTO construction_logs (id, project_id, user_id, work_date, weather,
            content, work_hours, status, created_at, updated_at)
            VALUES (293, 97, 17, DATE '2026-06-09', '雨',
            '设备调试 - 武汉市结算类项目#26', 8.0, 'submitted', NOW(), NOW())
            ON CONFLICT (id) DO NOTHING;
INSERT INTO construction_logs (id, project_id, user_id, work_date, weather,
            content, work_hours, status, created_at, updated_at)
            VALUES (294, 97, 19, DATE '2026-01-12', '多云',
            '现场勘测 - 武汉市结算类项目#26', 9.0, 'submitted', NOW(), NOW())
            ON CONFLICT (id) DO NOTHING;
INSERT INTO construction_logs (id, project_id, user_id, work_date, weather,
            content, work_hours, status, created_at, updated_at)
            VALUES (295, 97, 20, DATE '2026-02-15', '雪',
            '系统联调 - 武汉市结算类项目#26', 6.0, 'submitted', NOW(), NOW())
            ON CONFLICT (id) DO NOTHING;
INSERT INTO construction_logs (id, project_id, user_id, work_date, weather,
            content, work_hours, status, created_at, updated_at)
            VALUES (296, 97, 1, DATE '2026-03-18', '晴',
            '电源接入 - 武汉市结算类项目#26', 7.0, 'submitted', NOW(), NOW())
            ON CONFLICT (id) DO NOTHING;
INSERT INTO construction_logs (id, project_id, user_id, work_date, weather,
            content, work_hours, status, created_at, updated_at)
            VALUES (297, 97, 2, DATE '2026-04-21', '阴',
            '网络配置 - 武汉市结算类项目#26', 8.0, 'submitted', NOW(), NOW())
            ON CONFLICT (id) DO NOTHING;
INSERT INTO construction_logs (id, project_id, user_id, work_date, weather,
            content, work_hours, status, created_at, updated_at)
            VALUES (298, 97, 3, DATE '2026-05-24', '雨',
            '客户培训 - 武汉市结算类项目#26', 9.0, 'submitted', NOW(), NOW())
            ON CONFLICT (id) DO NOTHING;
INSERT INTO construction_logs (id, project_id, user_id, work_date, weather,
            content, work_hours, status, created_at, updated_at)
            VALUES (299, 97, 15, DATE '2026-06-27', '多云',
            '验收测试 - 武汉市结算类项目#26', 6.0, 'submitted', NOW(), NOW())
            ON CONFLICT (id) DO NOTHING;
INSERT INTO construction_logs (id, project_id, user_id, work_date, weather,
            content, work_hours, status, created_at, updated_at)
            VALUES (300, 97, 16, DATE '2026-01-30', '雪',
            '文档归档 - 武汉市结算类项目#26', 7.0, 'submitted', NOW(), NOW())
            ON CONFLICT (id) DO NOTHING;
INSERT INTO construction_logs (id, project_id, user_id, work_date, weather,
            content, work_hours, status, created_at, updated_at)
            VALUES (301, 98, 15, DATE '2026-02-03', '晴',
            '设备安装 - 南京市维保类项目#27', 6.0, 'submitted', NOW(), NOW())
            ON CONFLICT (id) DO NOTHING;
INSERT INTO construction_logs (id, project_id, user_id, work_date, weather,
            content, work_hours, status, created_at, updated_at)
            VALUES (302, 98, 16, DATE '2026-03-06', '阴',
            '线路铺设 - 南京市维保类项目#27', 7.0, 'submitted', NOW(), NOW())
            ON CONFLICT (id) DO NOTHING;
INSERT INTO construction_logs (id, project_id, user_id, work_date, weather,
            content, work_hours, status, created_at, updated_at)
            VALUES (303, 98, 17, DATE '2026-04-09', '雨',
            '设备调试 - 南京市维保类项目#27', 8.0, 'submitted', NOW(), NOW())
            ON CONFLICT (id) DO NOTHING;
INSERT INTO construction_logs (id, project_id, user_id, work_date, weather,
            content, work_hours, status, created_at, updated_at)
            VALUES (304, 98, 19, DATE '2026-05-12', '多云',
            '现场勘测 - 南京市维保类项目#27', 9.0, 'submitted', NOW(), NOW())
            ON CONFLICT (id) DO NOTHING;
INSERT INTO construction_logs (id, project_id, user_id, work_date, weather,
            content, work_hours, status, created_at, updated_at)
            VALUES (305, 98, 20, DATE '2026-06-15', '雪',
            '系统联调 - 南京市维保类项目#27', 6.0, 'submitted', NOW(), NOW())
            ON CONFLICT (id) DO NOTHING;
INSERT INTO construction_logs (id, project_id, user_id, work_date, weather,
            content, work_hours, status, created_at, updated_at)
            VALUES (306, 98, 1, DATE '2026-01-18', '晴',
            '电源接入 - 南京市维保类项目#27', 7.0, 'submitted', NOW(), NOW())
            ON CONFLICT (id) DO NOTHING;
INSERT INTO construction_logs (id, project_id, user_id, work_date, weather,
            content, work_hours, status, created_at, updated_at)
            VALUES (307, 98, 2, DATE '2026-02-21', '阴',
            '网络配置 - 南京市维保类项目#27', 8.0, 'submitted', NOW(), NOW())
            ON CONFLICT (id) DO NOTHING;
INSERT INTO construction_logs (id, project_id, user_id, work_date, weather,
            content, work_hours, status, created_at, updated_at)
            VALUES (308, 98, 3, DATE '2026-03-24', '雨',
            '客户培训 - 南京市维保类项目#27', 9.0, 'submitted', NOW(), NOW())
            ON CONFLICT (id) DO NOTHING;
INSERT INTO construction_logs (id, project_id, user_id, work_date, weather,
            content, work_hours, status, created_at, updated_at)
            VALUES (309, 98, 15, DATE '2026-04-27', '多云',
            '验收测试 - 南京市维保类项目#27', 6.0, 'submitted', NOW(), NOW())
            ON CONFLICT (id) DO NOTHING;
INSERT INTO construction_logs (id, project_id, user_id, work_date, weather,
            content, work_hours, status, created_at, updated_at)
            VALUES (310, 98, 16, DATE '2026-05-30', '雪',
            '文档归档 - 南京市维保类项目#27', 7.0, 'submitted', NOW(), NOW())
            ON CONFLICT (id) DO NOTHING;
INSERT INTO construction_logs (id, project_id, user_id, work_date, weather,
            content, work_hours, status, created_at, updated_at)
            VALUES (311, 102, 15, DATE '2026-06-03', '晴',
            '设备安装 - 上海市采购类项目#31', 6.0, 'submitted', NOW(), NOW())
            ON CONFLICT (id) DO NOTHING;
INSERT INTO construction_logs (id, project_id, user_id, work_date, weather,
            content, work_hours, status, created_at, updated_at)
            VALUES (312, 102, 16, DATE '2026-01-06', '阴',
            '线路铺设 - 上海市采购类项目#31', 7.0, 'submitted', NOW(), NOW())
            ON CONFLICT (id) DO NOTHING;
INSERT INTO construction_logs (id, project_id, user_id, work_date, weather,
            content, work_hours, status, created_at, updated_at)
            VALUES (313, 102, 17, DATE '2026-02-09', '雨',
            '设备调试 - 上海市采购类项目#31', 8.0, 'submitted', NOW(), NOW())
            ON CONFLICT (id) DO NOTHING;
INSERT INTO construction_logs (id, project_id, user_id, work_date, weather,
            content, work_hours, status, created_at, updated_at)
            VALUES (314, 102, 19, DATE '2026-03-12', '多云',
            '现场勘测 - 上海市采购类项目#31', 9.0, 'submitted', NOW(), NOW())
            ON CONFLICT (id) DO NOTHING;
INSERT INTO construction_logs (id, project_id, user_id, work_date, weather,
            content, work_hours, status, created_at, updated_at)
            VALUES (315, 102, 20, DATE '2026-04-15', '雪',
            '系统联调 - 上海市采购类项目#31', 6.0, 'submitted', NOW(), NOW())
            ON CONFLICT (id) DO NOTHING;
INSERT INTO construction_logs (id, project_id, user_id, work_date, weather,
            content, work_hours, status, created_at, updated_at)
            VALUES (316, 102, 1, DATE '2026-05-18', '晴',
            '电源接入 - 上海市采购类项目#31', 7.0, 'submitted', NOW(), NOW())
            ON CONFLICT (id) DO NOTHING;
INSERT INTO construction_logs (id, project_id, user_id, work_date, weather,
            content, work_hours, status, created_at, updated_at)
            VALUES (317, 102, 2, DATE '2026-06-21', '阴',
            '网络配置 - 上海市采购类项目#31', 8.0, 'submitted', NOW(), NOW())
            ON CONFLICT (id) DO NOTHING;
INSERT INTO construction_logs (id, project_id, user_id, work_date, weather,
            content, work_hours, status, created_at, updated_at)
            VALUES (318, 102, 3, DATE '2026-01-24', '雨',
            '客户培训 - 上海市采购类项目#31', 9.0, 'submitted', NOW(), NOW())
            ON CONFLICT (id) DO NOTHING;
INSERT INTO construction_logs (id, project_id, user_id, work_date, weather,
            content, work_hours, status, created_at, updated_at)
            VALUES (319, 102, 15, DATE '2026-02-27', '多云',
            '验收测试 - 上海市采购类项目#31', 6.0, 'submitted', NOW(), NOW())
            ON CONFLICT (id) DO NOTHING;
INSERT INTO construction_logs (id, project_id, user_id, work_date, weather,
            content, work_hours, status, created_at, updated_at)
            VALUES (320, 102, 16, DATE '2026-03-30', '雪',
            '文档归档 - 上海市采购类项目#31', 7.0, 'submitted', NOW(), NOW())
            ON CONFLICT (id) DO NOTHING;
INSERT INTO construction_logs (id, project_id, user_id, work_date, weather,
            content, work_hours, status, created_at, updated_at)
            VALUES (321, 103, 15, DATE '2026-04-03', '晴',
            '设备安装 - 广州市施工类项目#32', 6.0, 'submitted', NOW(), NOW())
            ON CONFLICT (id) DO NOTHING;
INSERT INTO construction_logs (id, project_id, user_id, work_date, weather,
            content, work_hours, status, created_at, updated_at)
            VALUES (322, 103, 16, DATE '2026-05-06', '阴',
            '线路铺设 - 广州市施工类项目#32', 7.0, 'submitted', NOW(), NOW())
            ON CONFLICT (id) DO NOTHING;
INSERT INTO construction_logs (id, project_id, user_id, work_date, weather,
            content, work_hours, status, created_at, updated_at)
            VALUES (323, 103, 17, DATE '2026-06-09', '雨',
            '设备调试 - 广州市施工类项目#32', 8.0, 'submitted', NOW(), NOW())
            ON CONFLICT (id) DO NOTHING;
INSERT INTO construction_logs (id, project_id, user_id, work_date, weather,
            content, work_hours, status, created_at, updated_at)
            VALUES (324, 103, 19, DATE '2026-01-12', '多云',
            '现场勘测 - 广州市施工类项目#32', 9.0, 'submitted', NOW(), NOW())
            ON CONFLICT (id) DO NOTHING;
INSERT INTO construction_logs (id, project_id, user_id, work_date, weather,
            content, work_hours, status, created_at, updated_at)
            VALUES (325, 103, 20, DATE '2026-02-15', '雪',
            '系统联调 - 广州市施工类项目#32', 6.0, 'submitted', NOW(), NOW())
            ON CONFLICT (id) DO NOTHING;
INSERT INTO construction_logs (id, project_id, user_id, work_date, weather,
            content, work_hours, status, created_at, updated_at)
            VALUES (326, 103, 1, DATE '2026-03-18', '晴',
            '电源接入 - 广州市施工类项目#32', 7.0, 'submitted', NOW(), NOW())
            ON CONFLICT (id) DO NOTHING;
INSERT INTO construction_logs (id, project_id, user_id, work_date, weather,
            content, work_hours, status, created_at, updated_at)
            VALUES (327, 103, 2, DATE '2026-04-21', '阴',
            '网络配置 - 广州市施工类项目#32', 8.0, 'submitted', NOW(), NOW())
            ON CONFLICT (id) DO NOTHING;
INSERT INTO construction_logs (id, project_id, user_id, work_date, weather,
            content, work_hours, status, created_at, updated_at)
            VALUES (328, 103, 3, DATE '2026-05-24', '雨',
            '客户培训 - 广州市施工类项目#32', 9.0, 'submitted', NOW(), NOW())
            ON CONFLICT (id) DO NOTHING;
INSERT INTO construction_logs (id, project_id, user_id, work_date, weather,
            content, work_hours, status, created_at, updated_at)
            VALUES (329, 103, 15, DATE '2026-06-27', '多云',
            '验收测试 - 广州市施工类项目#32', 6.0, 'submitted', NOW(), NOW())
            ON CONFLICT (id) DO NOTHING;
INSERT INTO construction_logs (id, project_id, user_id, work_date, weather,
            content, work_hours, status, created_at, updated_at)
            VALUES (330, 103, 16, DATE '2026-01-30', '雪',
            '文档归档 - 广州市施工类项目#32', 7.0, 'submitted', NOW(), NOW())
            ON CONFLICT (id) DO NOTHING;
INSERT INTO construction_logs (id, project_id, user_id, work_date, weather,
            content, work_hours, status, created_at, updated_at)
            VALUES (331, 104, 15, DATE '2026-02-03', '晴',
            '设备安装 - 深圳市结算类项目#33', 6.0, 'submitted', NOW(), NOW())
            ON CONFLICT (id) DO NOTHING;
INSERT INTO construction_logs (id, project_id, user_id, work_date, weather,
            content, work_hours, status, created_at, updated_at)
            VALUES (332, 104, 16, DATE '2026-03-06', '阴',
            '线路铺设 - 深圳市结算类项目#33', 7.0, 'submitted', NOW(), NOW())
            ON CONFLICT (id) DO NOTHING;
INSERT INTO construction_logs (id, project_id, user_id, work_date, weather,
            content, work_hours, status, created_at, updated_at)
            VALUES (333, 104, 17, DATE '2026-04-09', '雨',
            '设备调试 - 深圳市结算类项目#33', 8.0, 'submitted', NOW(), NOW())
            ON CONFLICT (id) DO NOTHING;
INSERT INTO construction_logs (id, project_id, user_id, work_date, weather,
            content, work_hours, status, created_at, updated_at)
            VALUES (334, 104, 19, DATE '2026-05-12', '多云',
            '现场勘测 - 深圳市结算类项目#33', 9.0, 'submitted', NOW(), NOW())
            ON CONFLICT (id) DO NOTHING;
INSERT INTO construction_logs (id, project_id, user_id, work_date, weather,
            content, work_hours, status, created_at, updated_at)
            VALUES (335, 104, 20, DATE '2026-06-15', '雪',
            '系统联调 - 深圳市结算类项目#33', 6.0, 'submitted', NOW(), NOW())
            ON CONFLICT (id) DO NOTHING;
INSERT INTO construction_logs (id, project_id, user_id, work_date, weather,
            content, work_hours, status, created_at, updated_at)
            VALUES (336, 104, 1, DATE '2026-01-18', '晴',
            '电源接入 - 深圳市结算类项目#33', 7.0, 'submitted', NOW(), NOW())
            ON CONFLICT (id) DO NOTHING;
INSERT INTO construction_logs (id, project_id, user_id, work_date, weather,
            content, work_hours, status, created_at, updated_at)
            VALUES (337, 104, 2, DATE '2026-02-21', '阴',
            '网络配置 - 深圳市结算类项目#33', 8.0, 'submitted', NOW(), NOW())
            ON CONFLICT (id) DO NOTHING;
INSERT INTO construction_logs (id, project_id, user_id, work_date, weather,
            content, work_hours, status, created_at, updated_at)
            VALUES (338, 104, 3, DATE '2026-03-24', '雨',
            '客户培训 - 深圳市结算类项目#33', 9.0, 'submitted', NOW(), NOW())
            ON CONFLICT (id) DO NOTHING;
INSERT INTO construction_logs (id, project_id, user_id, work_date, weather,
            content, work_hours, status, created_at, updated_at)
            VALUES (339, 104, 15, DATE '2026-04-27', '多云',
            '验收测试 - 深圳市结算类项目#33', 6.0, 'submitted', NOW(), NOW())
            ON CONFLICT (id) DO NOTHING;
INSERT INTO construction_logs (id, project_id, user_id, work_date, weather,
            content, work_hours, status, created_at, updated_at)
            VALUES (340, 104, 16, DATE '2026-05-30', '雪',
            '文档归档 - 深圳市结算类项目#33', 7.0, 'submitted', NOW(), NOW())
            ON CONFLICT (id) DO NOTHING;
INSERT INTO construction_logs (id, project_id, user_id, work_date, weather,
            content, work_hours, status, created_at, updated_at)
            VALUES (341, 105, 15, DATE '2026-06-03', '晴',
            '设备安装 - 杭州市维保类项目#34', 6.0, 'submitted', NOW(), NOW())
            ON CONFLICT (id) DO NOTHING;
INSERT INTO construction_logs (id, project_id, user_id, work_date, weather,
            content, work_hours, status, created_at, updated_at)
            VALUES (342, 105, 16, DATE '2026-01-06', '阴',
            '线路铺设 - 杭州市维保类项目#34', 7.0, 'submitted', NOW(), NOW())
            ON CONFLICT (id) DO NOTHING;
INSERT INTO construction_logs (id, project_id, user_id, work_date, weather,
            content, work_hours, status, created_at, updated_at)
            VALUES (343, 105, 17, DATE '2026-02-09', '雨',
            '设备调试 - 杭州市维保类项目#34', 8.0, 'submitted', NOW(), NOW())
            ON CONFLICT (id) DO NOTHING;
INSERT INTO construction_logs (id, project_id, user_id, work_date, weather,
            content, work_hours, status, created_at, updated_at)
            VALUES (344, 105, 19, DATE '2026-03-12', '多云',
            '现场勘测 - 杭州市维保类项目#34', 9.0, 'submitted', NOW(), NOW())
            ON CONFLICT (id) DO NOTHING;
INSERT INTO construction_logs (id, project_id, user_id, work_date, weather,
            content, work_hours, status, created_at, updated_at)
            VALUES (345, 105, 20, DATE '2026-04-15', '雪',
            '系统联调 - 杭州市维保类项目#34', 6.0, 'submitted', NOW(), NOW())
            ON CONFLICT (id) DO NOTHING;
INSERT INTO construction_logs (id, project_id, user_id, work_date, weather,
            content, work_hours, status, created_at, updated_at)
            VALUES (346, 105, 1, DATE '2026-05-18', '晴',
            '电源接入 - 杭州市维保类项目#34', 7.0, 'submitted', NOW(), NOW())
            ON CONFLICT (id) DO NOTHING;
INSERT INTO construction_logs (id, project_id, user_id, work_date, weather,
            content, work_hours, status, created_at, updated_at)
            VALUES (347, 105, 2, DATE '2026-06-21', '阴',
            '网络配置 - 杭州市维保类项目#34', 8.0, 'submitted', NOW(), NOW())
            ON CONFLICT (id) DO NOTHING;
INSERT INTO construction_logs (id, project_id, user_id, work_date, weather,
            content, work_hours, status, created_at, updated_at)
            VALUES (348, 105, 3, DATE '2026-01-24', '雨',
            '客户培训 - 杭州市维保类项目#34', 9.0, 'submitted', NOW(), NOW())
            ON CONFLICT (id) DO NOTHING;
INSERT INTO construction_logs (id, project_id, user_id, work_date, weather,
            content, work_hours, status, created_at, updated_at)
            VALUES (349, 105, 15, DATE '2026-02-27', '多云',
            '验收测试 - 杭州市维保类项目#34', 6.0, 'submitted', NOW(), NOW())
            ON CONFLICT (id) DO NOTHING;
INSERT INTO construction_logs (id, project_id, user_id, work_date, weather,
            content, work_hours, status, created_at, updated_at)
            VALUES (350, 105, 16, DATE '2026-03-30', '雪',
            '文档归档 - 杭州市维保类项目#34', 7.0, 'submitted', NOW(), NOW())
            ON CONFLICT (id) DO NOTHING;
INSERT INTO construction_logs (id, project_id, user_id, work_date, weather,
            content, work_hours, status, created_at, updated_at)
            VALUES (351, 109, 15, DATE '2026-04-03', '晴',
            '设备安装 - 西安市采购类项目#38', 6.0, 'submitted', NOW(), NOW())
            ON CONFLICT (id) DO NOTHING;
INSERT INTO construction_logs (id, project_id, user_id, work_date, weather,
            content, work_hours, status, created_at, updated_at)
            VALUES (352, 109, 16, DATE '2026-05-06', '阴',
            '线路铺设 - 西安市采购类项目#38', 7.0, 'submitted', NOW(), NOW())
            ON CONFLICT (id) DO NOTHING;
INSERT INTO construction_logs (id, project_id, user_id, work_date, weather,
            content, work_hours, status, created_at, updated_at)
            VALUES (353, 109, 17, DATE '2026-06-09', '雨',
            '设备调试 - 西安市采购类项目#38', 8.0, 'submitted', NOW(), NOW())
            ON CONFLICT (id) DO NOTHING;
INSERT INTO construction_logs (id, project_id, user_id, work_date, weather,
            content, work_hours, status, created_at, updated_at)
            VALUES (354, 109, 19, DATE '2026-01-12', '多云',
            '现场勘测 - 西安市采购类项目#38', 9.0, 'submitted', NOW(), NOW())
            ON CONFLICT (id) DO NOTHING;
INSERT INTO construction_logs (id, project_id, user_id, work_date, weather,
            content, work_hours, status, created_at, updated_at)
            VALUES (355, 109, 20, DATE '2026-02-15', '雪',
            '系统联调 - 西安市采购类项目#38', 6.0, 'submitted', NOW(), NOW())
            ON CONFLICT (id) DO NOTHING;
INSERT INTO construction_logs (id, project_id, user_id, work_date, weather,
            content, work_hours, status, created_at, updated_at)
            VALUES (356, 109, 1, DATE '2026-03-18', '晴',
            '电源接入 - 西安市采购类项目#38', 7.0, 'submitted', NOW(), NOW())
            ON CONFLICT (id) DO NOTHING;
INSERT INTO construction_logs (id, project_id, user_id, work_date, weather,
            content, work_hours, status, created_at, updated_at)
            VALUES (357, 109, 2, DATE '2026-04-21', '阴',
            '网络配置 - 西安市采购类项目#38', 8.0, 'submitted', NOW(), NOW())
            ON CONFLICT (id) DO NOTHING;
INSERT INTO construction_logs (id, project_id, user_id, work_date, weather,
            content, work_hours, status, created_at, updated_at)
            VALUES (358, 109, 3, DATE '2026-05-24', '雨',
            '客户培训 - 西安市采购类项目#38', 9.0, 'submitted', NOW(), NOW())
            ON CONFLICT (id) DO NOTHING;
INSERT INTO construction_logs (id, project_id, user_id, work_date, weather,
            content, work_hours, status, created_at, updated_at)
            VALUES (359, 109, 15, DATE '2026-06-27', '多云',
            '验收测试 - 西安市采购类项目#38', 6.0, 'submitted', NOW(), NOW())
            ON CONFLICT (id) DO NOTHING;
INSERT INTO construction_logs (id, project_id, user_id, work_date, weather,
            content, work_hours, status, created_at, updated_at)
            VALUES (360, 109, 16, DATE '2026-01-30', '雪',
            '文档归档 - 西安市采购类项目#38', 7.0, 'submitted', NOW(), NOW())
            ON CONFLICT (id) DO NOTHING;
INSERT INTO construction_logs (id, project_id, user_id, work_date, weather,
            content, work_hours, status, created_at, updated_at)
            VALUES (361, 110, 15, DATE '2026-02-03', '晴',
            '设备安装 - 重庆市施工类项目#39', 6.0, 'submitted', NOW(), NOW())
            ON CONFLICT (id) DO NOTHING;
INSERT INTO construction_logs (id, project_id, user_id, work_date, weather,
            content, work_hours, status, created_at, updated_at)
            VALUES (362, 110, 16, DATE '2026-03-06', '阴',
            '线路铺设 - 重庆市施工类项目#39', 7.0, 'submitted', NOW(), NOW())
            ON CONFLICT (id) DO NOTHING;
INSERT INTO construction_logs (id, project_id, user_id, work_date, weather,
            content, work_hours, status, created_at, updated_at)
            VALUES (363, 110, 17, DATE '2026-04-09', '雨',
            '设备调试 - 重庆市施工类项目#39', 8.0, 'submitted', NOW(), NOW())
            ON CONFLICT (id) DO NOTHING;
INSERT INTO construction_logs (id, project_id, user_id, work_date, weather,
            content, work_hours, status, created_at, updated_at)
            VALUES (364, 110, 19, DATE '2026-05-12', '多云',
            '现场勘测 - 重庆市施工类项目#39', 9.0, 'submitted', NOW(), NOW())
            ON CONFLICT (id) DO NOTHING;
INSERT INTO construction_logs (id, project_id, user_id, work_date, weather,
            content, work_hours, status, created_at, updated_at)
            VALUES (365, 110, 20, DATE '2026-06-15', '雪',
            '系统联调 - 重庆市施工类项目#39', 6.0, 'submitted', NOW(), NOW())
            ON CONFLICT (id) DO NOTHING;
INSERT INTO construction_logs (id, project_id, user_id, work_date, weather,
            content, work_hours, status, created_at, updated_at)
            VALUES (366, 110, 1, DATE '2026-01-18', '晴',
            '电源接入 - 重庆市施工类项目#39', 7.0, 'submitted', NOW(), NOW())
            ON CONFLICT (id) DO NOTHING;
INSERT INTO construction_logs (id, project_id, user_id, work_date, weather,
            content, work_hours, status, created_at, updated_at)
            VALUES (367, 110, 2, DATE '2026-02-21', '阴',
            '网络配置 - 重庆市施工类项目#39', 8.0, 'submitted', NOW(), NOW())
            ON CONFLICT (id) DO NOTHING;
INSERT INTO construction_logs (id, project_id, user_id, work_date, weather,
            content, work_hours, status, created_at, updated_at)
            VALUES (368, 110, 3, DATE '2026-03-24', '雨',
            '客户培训 - 重庆市施工类项目#39', 9.0, 'submitted', NOW(), NOW())
            ON CONFLICT (id) DO NOTHING;
INSERT INTO construction_logs (id, project_id, user_id, work_date, weather,
            content, work_hours, status, created_at, updated_at)
            VALUES (369, 110, 15, DATE '2026-04-27', '多云',
            '验收测试 - 重庆市施工类项目#39', 6.0, 'submitted', NOW(), NOW())
            ON CONFLICT (id) DO NOTHING;
INSERT INTO construction_logs (id, project_id, user_id, work_date, weather,
            content, work_hours, status, created_at, updated_at)
            VALUES (370, 110, 16, DATE '2026-05-30', '雪',
            '文档归档 - 重庆市施工类项目#39', 7.0, 'submitted', NOW(), NOW())
            ON CONFLICT (id) DO NOTHING;
INSERT INTO construction_logs (id, project_id, user_id, work_date, weather,
            content, work_hours, status, created_at, updated_at)
            VALUES (371, 111, 15, DATE '2026-06-03', '晴',
            '设备安装 - 北京市结算类项目#40', 6.0, 'submitted', NOW(), NOW())
            ON CONFLICT (id) DO NOTHING;
INSERT INTO construction_logs (id, project_id, user_id, work_date, weather,
            content, work_hours, status, created_at, updated_at)
            VALUES (372, 111, 16, DATE '2026-01-06', '阴',
            '线路铺设 - 北京市结算类项目#40', 7.0, 'submitted', NOW(), NOW())
            ON CONFLICT (id) DO NOTHING;
INSERT INTO construction_logs (id, project_id, user_id, work_date, weather,
            content, work_hours, status, created_at, updated_at)
            VALUES (373, 111, 17, DATE '2026-02-09', '雨',
            '设备调试 - 北京市结算类项目#40', 8.0, 'submitted', NOW(), NOW())
            ON CONFLICT (id) DO NOTHING;
INSERT INTO construction_logs (id, project_id, user_id, work_date, weather,
            content, work_hours, status, created_at, updated_at)
            VALUES (374, 111, 19, DATE '2026-03-12', '多云',
            '现场勘测 - 北京市结算类项目#40', 9.0, 'submitted', NOW(), NOW())
            ON CONFLICT (id) DO NOTHING;
INSERT INTO construction_logs (id, project_id, user_id, work_date, weather,
            content, work_hours, status, created_at, updated_at)
            VALUES (375, 111, 20, DATE '2026-04-15', '雪',
            '系统联调 - 北京市结算类项目#40', 6.0, 'submitted', NOW(), NOW())
            ON CONFLICT (id) DO NOTHING;
INSERT INTO construction_logs (id, project_id, user_id, work_date, weather,
            content, work_hours, status, created_at, updated_at)
            VALUES (376, 111, 1, DATE '2026-05-18', '晴',
            '电源接入 - 北京市结算类项目#40', 7.0, 'submitted', NOW(), NOW())
            ON CONFLICT (id) DO NOTHING;
INSERT INTO construction_logs (id, project_id, user_id, work_date, weather,
            content, work_hours, status, created_at, updated_at)
            VALUES (377, 111, 2, DATE '2026-06-21', '阴',
            '网络配置 - 北京市结算类项目#40', 8.0, 'submitted', NOW(), NOW())
            ON CONFLICT (id) DO NOTHING;
INSERT INTO construction_logs (id, project_id, user_id, work_date, weather,
            content, work_hours, status, created_at, updated_at)
            VALUES (378, 111, 3, DATE '2026-01-24', '雨',
            '客户培训 - 北京市结算类项目#40', 9.0, 'submitted', NOW(), NOW())
            ON CONFLICT (id) DO NOTHING;
INSERT INTO construction_logs (id, project_id, user_id, work_date, weather,
            content, work_hours, status, created_at, updated_at)
            VALUES (379, 111, 15, DATE '2026-02-27', '多云',
            '验收测试 - 北京市结算类项目#40', 6.0, 'submitted', NOW(), NOW())
            ON CONFLICT (id) DO NOTHING;
INSERT INTO construction_logs (id, project_id, user_id, work_date, weather,
            content, work_hours, status, created_at, updated_at)
            VALUES (380, 111, 16, DATE '2026-03-30', '雪',
            '文档归档 - 北京市结算类项目#40', 7.0, 'submitted', NOW(), NOW())
            ON CONFLICT (id) DO NOTHING;
INSERT INTO construction_logs (id, project_id, user_id, work_date, weather,
            content, work_hours, status, created_at, updated_at)
            VALUES (381, 112, 15, DATE '2026-04-03', '晴',
            '设备安装 - 上海市维保类项目#41', 6.0, 'submitted', NOW(), NOW())
            ON CONFLICT (id) DO NOTHING;
INSERT INTO construction_logs (id, project_id, user_id, work_date, weather,
            content, work_hours, status, created_at, updated_at)
            VALUES (382, 112, 16, DATE '2026-05-06', '阴',
            '线路铺设 - 上海市维保类项目#41', 7.0, 'submitted', NOW(), NOW())
            ON CONFLICT (id) DO NOTHING;
INSERT INTO construction_logs (id, project_id, user_id, work_date, weather,
            content, work_hours, status, created_at, updated_at)
            VALUES (383, 112, 17, DATE '2026-06-09', '雨',
            '设备调试 - 上海市维保类项目#41', 8.0, 'submitted', NOW(), NOW())
            ON CONFLICT (id) DO NOTHING;
INSERT INTO construction_logs (id, project_id, user_id, work_date, weather,
            content, work_hours, status, created_at, updated_at)
            VALUES (384, 112, 19, DATE '2026-01-12', '多云',
            '现场勘测 - 上海市维保类项目#41', 9.0, 'submitted', NOW(), NOW())
            ON CONFLICT (id) DO NOTHING;
INSERT INTO construction_logs (id, project_id, user_id, work_date, weather,
            content, work_hours, status, created_at, updated_at)
            VALUES (385, 112, 20, DATE '2026-02-15', '雪',
            '系统联调 - 上海市维保类项目#41', 6.0, 'submitted', NOW(), NOW())
            ON CONFLICT (id) DO NOTHING;
INSERT INTO construction_logs (id, project_id, user_id, work_date, weather,
            content, work_hours, status, created_at, updated_at)
            VALUES (386, 112, 1, DATE '2026-03-18', '晴',
            '电源接入 - 上海市维保类项目#41', 7.0, 'submitted', NOW(), NOW())
            ON CONFLICT (id) DO NOTHING;
INSERT INTO construction_logs (id, project_id, user_id, work_date, weather,
            content, work_hours, status, created_at, updated_at)
            VALUES (387, 112, 2, DATE '2026-04-21', '阴',
            '网络配置 - 上海市维保类项目#41', 8.0, 'submitted', NOW(), NOW())
            ON CONFLICT (id) DO NOTHING;
INSERT INTO construction_logs (id, project_id, user_id, work_date, weather,
            content, work_hours, status, created_at, updated_at)
            VALUES (388, 112, 3, DATE '2026-05-24', '雨',
            '客户培训 - 上海市维保类项目#41', 9.0, 'submitted', NOW(), NOW())
            ON CONFLICT (id) DO NOTHING;
INSERT INTO construction_logs (id, project_id, user_id, work_date, weather,
            content, work_hours, status, created_at, updated_at)
            VALUES (389, 112, 15, DATE '2026-06-27', '多云',
            '验收测试 - 上海市维保类项目#41', 6.0, 'submitted', NOW(), NOW())
            ON CONFLICT (id) DO NOTHING;
INSERT INTO construction_logs (id, project_id, user_id, work_date, weather,
            content, work_hours, status, created_at, updated_at)
            VALUES (390, 112, 16, DATE '2026-01-30', '雪',
            '文档归档 - 上海市维保类项目#41', 7.0, 'submitted', NOW(), NOW())
            ON CONFLICT (id) DO NOTHING;
INSERT INTO construction_logs (id, project_id, user_id, work_date, weather,
            content, work_hours, status, created_at, updated_at)
            VALUES (391, 116, 15, DATE '2026-02-03', '晴',
            '设备安装 - 成都市采购类项目#45', 6.0, 'submitted', NOW(), NOW())
            ON CONFLICT (id) DO NOTHING;
INSERT INTO construction_logs (id, project_id, user_id, work_date, weather,
            content, work_hours, status, created_at, updated_at)
            VALUES (392, 116, 16, DATE '2026-03-06', '阴',
            '线路铺设 - 成都市采购类项目#45', 7.0, 'submitted', NOW(), NOW())
            ON CONFLICT (id) DO NOTHING;
INSERT INTO construction_logs (id, project_id, user_id, work_date, weather,
            content, work_hours, status, created_at, updated_at)
            VALUES (393, 116, 17, DATE '2026-04-09', '雨',
            '设备调试 - 成都市采购类项目#45', 8.0, 'submitted', NOW(), NOW())
            ON CONFLICT (id) DO NOTHING;
INSERT INTO construction_logs (id, project_id, user_id, work_date, weather,
            content, work_hours, status, created_at, updated_at)
            VALUES (394, 116, 19, DATE '2026-05-12', '多云',
            '现场勘测 - 成都市采购类项目#45', 9.0, 'submitted', NOW(), NOW())
            ON CONFLICT (id) DO NOTHING;
INSERT INTO construction_logs (id, project_id, user_id, work_date, weather,
            content, work_hours, status, created_at, updated_at)
            VALUES (395, 116, 20, DATE '2026-06-15', '雪',
            '系统联调 - 成都市采购类项目#45', 6.0, 'submitted', NOW(), NOW())
            ON CONFLICT (id) DO NOTHING;
INSERT INTO construction_logs (id, project_id, user_id, work_date, weather,
            content, work_hours, status, created_at, updated_at)
            VALUES (396, 116, 1, DATE '2026-01-18', '晴',
            '电源接入 - 成都市采购类项目#45', 7.0, 'submitted', NOW(), NOW())
            ON CONFLICT (id) DO NOTHING;
INSERT INTO construction_logs (id, project_id, user_id, work_date, weather,
            content, work_hours, status, created_at, updated_at)
            VALUES (397, 116, 2, DATE '2026-02-21', '阴',
            '网络配置 - 成都市采购类项目#45', 8.0, 'submitted', NOW(), NOW())
            ON CONFLICT (id) DO NOTHING;
INSERT INTO construction_logs (id, project_id, user_id, work_date, weather,
            content, work_hours, status, created_at, updated_at)
            VALUES (398, 116, 3, DATE '2026-03-24', '雨',
            '客户培训 - 成都市采购类项目#45', 9.0, 'submitted', NOW(), NOW())
            ON CONFLICT (id) DO NOTHING;
INSERT INTO construction_logs (id, project_id, user_id, work_date, weather,
            content, work_hours, status, created_at, updated_at)
            VALUES (399, 116, 15, DATE '2026-04-27', '多云',
            '验收测试 - 成都市采购类项目#45', 6.0, 'submitted', NOW(), NOW())
            ON CONFLICT (id) DO NOTHING;
INSERT INTO construction_logs (id, project_id, user_id, work_date, weather,
            content, work_hours, status, created_at, updated_at)
            VALUES (400, 116, 16, DATE '2026-05-30', '雪',
            '文档归档 - 成都市采购类项目#45', 7.0, 'submitted', NOW(), NOW())
            ON CONFLICT (id) DO NOTHING;
INSERT INTO construction_logs (id, project_id, user_id, work_date, weather,
            content, work_hours, status, created_at, updated_at)
            VALUES (401, 117, 15, DATE '2026-06-03', '晴',
            '设备安装 - 武汉市施工类项目#46', 6.0, 'submitted', NOW(), NOW())
            ON CONFLICT (id) DO NOTHING;
INSERT INTO construction_logs (id, project_id, user_id, work_date, weather,
            content, work_hours, status, created_at, updated_at)
            VALUES (402, 117, 16, DATE '2026-01-06', '阴',
            '线路铺设 - 武汉市施工类项目#46', 7.0, 'submitted', NOW(), NOW())
            ON CONFLICT (id) DO NOTHING;
INSERT INTO construction_logs (id, project_id, user_id, work_date, weather,
            content, work_hours, status, created_at, updated_at)
            VALUES (403, 117, 17, DATE '2026-02-09', '雨',
            '设备调试 - 武汉市施工类项目#46', 8.0, 'submitted', NOW(), NOW())
            ON CONFLICT (id) DO NOTHING;
INSERT INTO construction_logs (id, project_id, user_id, work_date, weather,
            content, work_hours, status, created_at, updated_at)
            VALUES (404, 117, 19, DATE '2026-03-12', '多云',
            '现场勘测 - 武汉市施工类项目#46', 9.0, 'submitted', NOW(), NOW())
            ON CONFLICT (id) DO NOTHING;
INSERT INTO construction_logs (id, project_id, user_id, work_date, weather,
            content, work_hours, status, created_at, updated_at)
            VALUES (405, 117, 20, DATE '2026-04-15', '雪',
            '系统联调 - 武汉市施工类项目#46', 6.0, 'submitted', NOW(), NOW())
            ON CONFLICT (id) DO NOTHING;
INSERT INTO construction_logs (id, project_id, user_id, work_date, weather,
            content, work_hours, status, created_at, updated_at)
            VALUES (406, 117, 1, DATE '2026-05-18', '晴',
            '电源接入 - 武汉市施工类项目#46', 7.0, 'submitted', NOW(), NOW())
            ON CONFLICT (id) DO NOTHING;
INSERT INTO construction_logs (id, project_id, user_id, work_date, weather,
            content, work_hours, status, created_at, updated_at)
            VALUES (407, 117, 2, DATE '2026-06-21', '阴',
            '网络配置 - 武汉市施工类项目#46', 8.0, 'submitted', NOW(), NOW())
            ON CONFLICT (id) DO NOTHING;
INSERT INTO construction_logs (id, project_id, user_id, work_date, weather,
            content, work_hours, status, created_at, updated_at)
            VALUES (408, 117, 3, DATE '2026-01-24', '雨',
            '客户培训 - 武汉市施工类项目#46', 9.0, 'submitted', NOW(), NOW())
            ON CONFLICT (id) DO NOTHING;
INSERT INTO construction_logs (id, project_id, user_id, work_date, weather,
            content, work_hours, status, created_at, updated_at)
            VALUES (409, 117, 15, DATE '2026-02-27', '多云',
            '验收测试 - 武汉市施工类项目#46', 6.0, 'submitted', NOW(), NOW())
            ON CONFLICT (id) DO NOTHING;
INSERT INTO construction_logs (id, project_id, user_id, work_date, weather,
            content, work_hours, status, created_at, updated_at)
            VALUES (410, 117, 16, DATE '2026-03-30', '雪',
            '文档归档 - 武汉市施工类项目#46', 7.0, 'submitted', NOW(), NOW())
            ON CONFLICT (id) DO NOTHING;
INSERT INTO construction_logs (id, project_id, user_id, work_date, weather,
            content, work_hours, status, created_at, updated_at)
            VALUES (411, 118, 15, DATE '2026-04-03', '晴',
            '设备安装 - 南京市结算类项目#47', 6.0, 'submitted', NOW(), NOW())
            ON CONFLICT (id) DO NOTHING;
INSERT INTO construction_logs (id, project_id, user_id, work_date, weather,
            content, work_hours, status, created_at, updated_at)
            VALUES (412, 118, 16, DATE '2026-05-06', '阴',
            '线路铺设 - 南京市结算类项目#47', 7.0, 'submitted', NOW(), NOW())
            ON CONFLICT (id) DO NOTHING;
INSERT INTO construction_logs (id, project_id, user_id, work_date, weather,
            content, work_hours, status, created_at, updated_at)
            VALUES (413, 118, 17, DATE '2026-06-09', '雨',
            '设备调试 - 南京市结算类项目#47', 8.0, 'submitted', NOW(), NOW())
            ON CONFLICT (id) DO NOTHING;
INSERT INTO construction_logs (id, project_id, user_id, work_date, weather,
            content, work_hours, status, created_at, updated_at)
            VALUES (414, 118, 19, DATE '2026-01-12', '多云',
            '现场勘测 - 南京市结算类项目#47', 9.0, 'submitted', NOW(), NOW())
            ON CONFLICT (id) DO NOTHING;
INSERT INTO construction_logs (id, project_id, user_id, work_date, weather,
            content, work_hours, status, created_at, updated_at)
            VALUES (415, 118, 20, DATE '2026-02-15', '雪',
            '系统联调 - 南京市结算类项目#47', 6.0, 'submitted', NOW(), NOW())
            ON CONFLICT (id) DO NOTHING;
INSERT INTO construction_logs (id, project_id, user_id, work_date, weather,
            content, work_hours, status, created_at, updated_at)
            VALUES (416, 118, 1, DATE '2026-03-18', '晴',
            '电源接入 - 南京市结算类项目#47', 7.0, 'submitted', NOW(), NOW())
            ON CONFLICT (id) DO NOTHING;
INSERT INTO construction_logs (id, project_id, user_id, work_date, weather,
            content, work_hours, status, created_at, updated_at)
            VALUES (417, 118, 2, DATE '2026-04-21', '阴',
            '网络配置 - 南京市结算类项目#47', 8.0, 'submitted', NOW(), NOW())
            ON CONFLICT (id) DO NOTHING;
INSERT INTO construction_logs (id, project_id, user_id, work_date, weather,
            content, work_hours, status, created_at, updated_at)
            VALUES (418, 118, 3, DATE '2026-05-24', '雨',
            '客户培训 - 南京市结算类项目#47', 9.0, 'submitted', NOW(), NOW())
            ON CONFLICT (id) DO NOTHING;
INSERT INTO construction_logs (id, project_id, user_id, work_date, weather,
            content, work_hours, status, created_at, updated_at)
            VALUES (419, 118, 15, DATE '2026-06-27', '多云',
            '验收测试 - 南京市结算类项目#47', 6.0, 'submitted', NOW(), NOW())
            ON CONFLICT (id) DO NOTHING;
INSERT INTO construction_logs (id, project_id, user_id, work_date, weather,
            content, work_hours, status, created_at, updated_at)
            VALUES (420, 118, 16, DATE '2026-01-30', '雪',
            '文档归档 - 南京市结算类项目#47', 7.0, 'submitted', NOW(), NOW())
            ON CONFLICT (id) DO NOTHING;
INSERT INTO construction_logs (id, project_id, user_id, work_date, weather,
            content, work_hours, status, created_at, updated_at)
            VALUES (421, 119, 15, DATE '2026-02-03', '晴',
            '设备安装 - 西安市维保类项目#48', 6.0, 'submitted', NOW(), NOW())
            ON CONFLICT (id) DO NOTHING;
INSERT INTO construction_logs (id, project_id, user_id, work_date, weather,
            content, work_hours, status, created_at, updated_at)
            VALUES (422, 119, 16, DATE '2026-03-06', '阴',
            '线路铺设 - 西安市维保类项目#48', 7.0, 'submitted', NOW(), NOW())
            ON CONFLICT (id) DO NOTHING;
INSERT INTO construction_logs (id, project_id, user_id, work_date, weather,
            content, work_hours, status, created_at, updated_at)
            VALUES (423, 119, 17, DATE '2026-04-09', '雨',
            '设备调试 - 西安市维保类项目#48', 8.0, 'submitted', NOW(), NOW())
            ON CONFLICT (id) DO NOTHING;
INSERT INTO construction_logs (id, project_id, user_id, work_date, weather,
            content, work_hours, status, created_at, updated_at)
            VALUES (424, 119, 19, DATE '2026-05-12', '多云',
            '现场勘测 - 西安市维保类项目#48', 9.0, 'submitted', NOW(), NOW())
            ON CONFLICT (id) DO NOTHING;
INSERT INTO construction_logs (id, project_id, user_id, work_date, weather,
            content, work_hours, status, created_at, updated_at)
            VALUES (425, 119, 20, DATE '2026-06-15', '雪',
            '系统联调 - 西安市维保类项目#48', 6.0, 'submitted', NOW(), NOW())
            ON CONFLICT (id) DO NOTHING;
INSERT INTO construction_logs (id, project_id, user_id, work_date, weather,
            content, work_hours, status, created_at, updated_at)
            VALUES (426, 119, 1, DATE '2026-01-18', '晴',
            '电源接入 - 西安市维保类项目#48', 7.0, 'submitted', NOW(), NOW())
            ON CONFLICT (id) DO NOTHING;
INSERT INTO construction_logs (id, project_id, user_id, work_date, weather,
            content, work_hours, status, created_at, updated_at)
            VALUES (427, 119, 2, DATE '2026-02-21', '阴',
            '网络配置 - 西安市维保类项目#48', 8.0, 'submitted', NOW(), NOW())
            ON CONFLICT (id) DO NOTHING;
INSERT INTO construction_logs (id, project_id, user_id, work_date, weather,
            content, work_hours, status, created_at, updated_at)
            VALUES (428, 119, 3, DATE '2026-03-24', '雨',
            '客户培训 - 西安市维保类项目#48', 9.0, 'submitted', NOW(), NOW())
            ON CONFLICT (id) DO NOTHING;
INSERT INTO construction_logs (id, project_id, user_id, work_date, weather,
            content, work_hours, status, created_at, updated_at)
            VALUES (429, 119, 15, DATE '2026-04-27', '多云',
            '验收测试 - 西安市维保类项目#48', 6.0, 'submitted', NOW(), NOW())
            ON CONFLICT (id) DO NOTHING;
INSERT INTO construction_logs (id, project_id, user_id, work_date, weather,
            content, work_hours, status, created_at, updated_at)
            VALUES (430, 119, 16, DATE '2026-05-30', '雪',
            '文档归档 - 西安市维保类项目#48', 7.0, 'submitted', NOW(), NOW())
            ON CONFLICT (id) DO NOTHING;
INSERT INTO project_settlements (id, project_id, total_income, total_cost,
            cost_labor, cost_material, cost_outsource, cost_other, profit, profit_rate,
            settlement_date, status, created_at, updated_at)
            VALUES (1, 77, 200000.0, 140000.0,
            42000.0, 56000.0, 28000.0, 14000.0,
            60000.0, 30.0, DATE '2026-06-15', 'approved',
            NOW(), NOW()) ON CONFLICT (id) DO NOTHING;
INSERT INTO project_settlements (id, project_id, total_income, total_cost,
            cost_labor, cost_material, cost_outsource, cost_other, profit, profit_rate,
            settlement_date, status, created_at, updated_at)
            VALUES (2, 84, 287500.0, 201250.0,
            60375.0, 80500.0, 40250.0, 20125.0,
            86250.0, 30.0, DATE '2026-06-15', 'approved',
            NOW(), NOW()) ON CONFLICT (id) DO NOTHING;
INSERT INTO project_settlements (id, project_id, total_income, total_cost,
            cost_labor, cost_material, cost_outsource, cost_other, profit, profit_rate,
            settlement_date, status, created_at, updated_at)
            VALUES (3, 91, 375000.0, 262500.0,
            78750.0, 105000.0, 52500.0, 26250.0,
            112500.0, 30.0, DATE '2026-06-15', 'approved',
            NOW(), NOW()) ON CONFLICT (id) DO NOTHING;
INSERT INTO project_settlements (id, project_id, total_income, total_cost,
            cost_labor, cost_material, cost_outsource, cost_other, profit, profit_rate,
            settlement_date, status, created_at, updated_at)
            VALUES (4, 98, 462500.0, 323750.0,
            97125.0, 129500.0, 64750.0, 32375.0,
            138750.0, 30.0, DATE '2026-06-15', 'approved',
            NOW(), NOW()) ON CONFLICT (id) DO NOTHING;
INSERT INTO project_settlements (id, project_id, total_income, total_cost,
            cost_labor, cost_material, cost_outsource, cost_other, profit, profit_rate,
            settlement_date, status, created_at, updated_at)
            VALUES (5, 105, 550000.0, 385000.0,
            115500.0, 154000.0, 77000.0, 38500.0,
            165000.0, 30.0, DATE '2026-06-15', 'approved',
            NOW(), NOW()) ON CONFLICT (id) DO NOTHING;
INSERT INTO project_settlements (id, project_id, total_income, total_cost,
            cost_labor, cost_material, cost_outsource, cost_other, profit, profit_rate,
            settlement_date, status, created_at, updated_at)
            VALUES (6, 112, 637500.0, 446250.0,
            133875.0, 178500.0, 89250.0, 44625.0,
            191250.0, 30.0, DATE '2026-06-15', 'approved',
            NOW(), NOW()) ON CONFLICT (id) DO NOTHING;
INSERT INTO project_settlements (id, project_id, total_income, total_cost,
            cost_labor, cost_material, cost_outsource, cost_other, profit, profit_rate,
            settlement_date, status, created_at, updated_at)
            VALUES (7, 119, 725000.0, 507499.99999999994,
            152249.99999999997, 203000.0, 101500.0, 50750.0,
            217500.00000000006, 30.0, DATE '2026-06-15', 'approved',
            NOW(), NOW()) ON CONFLICT (id) DO NOTHING;
INSERT INTO project_members (id, project_id, user_id, role, join_date, status, created_at, updated_at)
            VALUES (13, 72, 15, 'worker',
            DATE '2026-02-01', 'active', NOW(), NOW()) ON CONFLICT (id) DO NOTHING;
INSERT INTO project_members (id, project_id, user_id, role, join_date, status, created_at, updated_at)
            VALUES (14, 72, 16, 'lead',
            DATE '2026-02-01', 'active', NOW(), NOW()) ON CONFLICT (id) DO NOTHING;
INSERT INTO project_members (id, project_id, user_id, role, join_date, status, created_at, updated_at)
            VALUES (15, 73, 16, 'worker',
            DATE '2026-03-01', 'active', NOW(), NOW()) ON CONFLICT (id) DO NOTHING;
INSERT INTO project_members (id, project_id, user_id, role, join_date, status, created_at, updated_at)
            VALUES (16, 73, 17, 'lead',
            DATE '2026-03-01', 'active', NOW(), NOW()) ON CONFLICT (id) DO NOTHING;
INSERT INTO project_members (id, project_id, user_id, role, join_date, status, created_at, updated_at)
            VALUES (17, 73, 19, 'observer',
            DATE '2026-03-01', 'active', NOW(), NOW()) ON CONFLICT (id) DO NOTHING;
INSERT INTO project_members (id, project_id, user_id, role, join_date, status, created_at, updated_at)
            VALUES (18, 74, 17, 'worker',
            DATE '2026-04-01', 'active', NOW(), NOW()) ON CONFLICT (id) DO NOTHING;
INSERT INTO project_members (id, project_id, user_id, role, join_date, status, created_at, updated_at)
            VALUES (19, 74, 19, 'lead',
            DATE '2026-04-01', 'active', NOW(), NOW()) ON CONFLICT (id) DO NOTHING;
INSERT INTO project_members (id, project_id, user_id, role, join_date, status, created_at, updated_at)
            VALUES (20, 75, 19, 'worker',
            DATE '2026-05-01', 'active', NOW(), NOW()) ON CONFLICT (id) DO NOTHING;
INSERT INTO project_members (id, project_id, user_id, role, join_date, status, created_at, updated_at)
            VALUES (21, 75, 20, 'lead',
            DATE '2026-05-01', 'active', NOW(), NOW()) ON CONFLICT (id) DO NOTHING;
INSERT INTO project_members (id, project_id, user_id, role, join_date, status, created_at, updated_at)
            VALUES (22, 75, 1, 'observer',
            DATE '2026-05-01', 'active', NOW(), NOW()) ON CONFLICT (id) DO NOTHING;
INSERT INTO project_members (id, project_id, user_id, role, join_date, status, created_at, updated_at)
            VALUES (23, 76, 20, 'worker',
            DATE '2026-06-01', 'active', NOW(), NOW()) ON CONFLICT (id) DO NOTHING;
INSERT INTO project_members (id, project_id, user_id, role, join_date, status, created_at, updated_at)
            VALUES (24, 76, 1, 'lead',
            DATE '2026-06-01', 'active', NOW(), NOW()) ON CONFLICT (id) DO NOTHING;
INSERT INTO project_members (id, project_id, user_id, role, join_date, status, created_at, updated_at)
            VALUES (25, 77, 1, 'worker',
            DATE '2026-01-01', 'active', NOW(), NOW()) ON CONFLICT (id) DO NOTHING;
INSERT INTO project_members (id, project_id, user_id, role, join_date, status, created_at, updated_at)
            VALUES (26, 77, 2, 'lead',
            DATE '2026-01-01', 'active', NOW(), NOW()) ON CONFLICT (id) DO NOTHING;
INSERT INTO project_members (id, project_id, user_id, role, join_date, status, created_at, updated_at)
            VALUES (27, 77, 3, 'observer',
            DATE '2026-01-01', 'active', NOW(), NOW()) ON CONFLICT (id) DO NOTHING;
INSERT INTO project_members (id, project_id, user_id, role, join_date, status, created_at, updated_at)
            VALUES (28, 78, 2, 'worker',
            DATE '2026-02-01', 'active', NOW(), NOW()) ON CONFLICT (id) DO NOTHING;
INSERT INTO project_members (id, project_id, user_id, role, join_date, status, created_at, updated_at)
            VALUES (29, 78, 3, 'lead',
            DATE '2026-02-01', 'active', NOW(), NOW()) ON CONFLICT (id) DO NOTHING;
INSERT INTO project_members (id, project_id, user_id, role, join_date, status, created_at, updated_at)
            VALUES (30, 79, 3, 'worker',
            DATE '2026-03-01', 'active', NOW(), NOW()) ON CONFLICT (id) DO NOTHING;
INSERT INTO project_members (id, project_id, user_id, role, join_date, status, created_at, updated_at)
            VALUES (31, 79, 15, 'lead',
            DATE '2026-03-01', 'active', NOW(), NOW()) ON CONFLICT (id) DO NOTHING;
INSERT INTO project_members (id, project_id, user_id, role, join_date, status, created_at, updated_at)
            VALUES (32, 79, 16, 'observer',
            DATE '2026-03-01', 'active', NOW(), NOW()) ON CONFLICT (id) DO NOTHING;
INSERT INTO project_members (id, project_id, user_id, role, join_date, status, created_at, updated_at)
            VALUES (33, 80, 15, 'worker',
            DATE '2026-04-01', 'active', NOW(), NOW()) ON CONFLICT (id) DO NOTHING;
INSERT INTO project_members (id, project_id, user_id, role, join_date, status, created_at, updated_at)
            VALUES (34, 80, 16, 'lead',
            DATE '2026-04-01', 'active', NOW(), NOW()) ON CONFLICT (id) DO NOTHING;
INSERT INTO project_members (id, project_id, user_id, role, join_date, status, created_at, updated_at)
            VALUES (35, 81, 16, 'worker',
            DATE '2026-05-01', 'active', NOW(), NOW()) ON CONFLICT (id) DO NOTHING;
INSERT INTO project_members (id, project_id, user_id, role, join_date, status, created_at, updated_at)
            VALUES (36, 81, 17, 'lead',
            DATE '2026-05-01', 'active', NOW(), NOW()) ON CONFLICT (id) DO NOTHING;
INSERT INTO project_members (id, project_id, user_id, role, join_date, status, created_at, updated_at)
            VALUES (37, 81, 19, 'observer',
            DATE '2026-05-01', 'active', NOW(), NOW()) ON CONFLICT (id) DO NOTHING;
INSERT INTO project_members (id, project_id, user_id, role, join_date, status, created_at, updated_at)
            VALUES (38, 82, 17, 'worker',
            DATE '2026-06-01', 'active', NOW(), NOW()) ON CONFLICT (id) DO NOTHING;
INSERT INTO project_members (id, project_id, user_id, role, join_date, status, created_at, updated_at)
            VALUES (39, 82, 19, 'lead',
            DATE '2026-06-01', 'active', NOW(), NOW()) ON CONFLICT (id) DO NOTHING;
INSERT INTO project_members (id, project_id, user_id, role, join_date, status, created_at, updated_at)
            VALUES (40, 83, 19, 'worker',
            DATE '2026-01-01', 'active', NOW(), NOW()) ON CONFLICT (id) DO NOTHING;
INSERT INTO project_members (id, project_id, user_id, role, join_date, status, created_at, updated_at)
            VALUES (41, 83, 20, 'lead',
            DATE '2026-01-01', 'active', NOW(), NOW()) ON CONFLICT (id) DO NOTHING;
INSERT INTO project_members (id, project_id, user_id, role, join_date, status, created_at, updated_at)
            VALUES (42, 83, 1, 'observer',
            DATE '2026-01-01', 'active', NOW(), NOW()) ON CONFLICT (id) DO NOTHING;
INSERT INTO project_members (id, project_id, user_id, role, join_date, status, created_at, updated_at)
            VALUES (43, 84, 20, 'worker',
            DATE '2026-02-01', 'active', NOW(), NOW()) ON CONFLICT (id) DO NOTHING;
INSERT INTO project_members (id, project_id, user_id, role, join_date, status, created_at, updated_at)
            VALUES (44, 84, 1, 'lead',
            DATE '2026-02-01', 'active', NOW(), NOW()) ON CONFLICT (id) DO NOTHING;
INSERT INTO project_members (id, project_id, user_id, role, join_date, status, created_at, updated_at)
            VALUES (45, 85, 1, 'worker',
            DATE '2026-03-01', 'active', NOW(), NOW()) ON CONFLICT (id) DO NOTHING;
INSERT INTO project_members (id, project_id, user_id, role, join_date, status, created_at, updated_at)
            VALUES (46, 85, 2, 'lead',
            DATE '2026-03-01', 'active', NOW(), NOW()) ON CONFLICT (id) DO NOTHING;
INSERT INTO project_members (id, project_id, user_id, role, join_date, status, created_at, updated_at)
            VALUES (47, 85, 3, 'observer',
            DATE '2026-03-01', 'active', NOW(), NOW()) ON CONFLICT (id) DO NOTHING;
INSERT INTO project_members (id, project_id, user_id, role, join_date, status, created_at, updated_at)
            VALUES (48, 86, 2, 'worker',
            DATE '2026-04-01', 'active', NOW(), NOW()) ON CONFLICT (id) DO NOTHING;
INSERT INTO project_members (id, project_id, user_id, role, join_date, status, created_at, updated_at)
            VALUES (49, 86, 3, 'lead',
            DATE '2026-04-01', 'active', NOW(), NOW()) ON CONFLICT (id) DO NOTHING;
INSERT INTO project_members (id, project_id, user_id, role, join_date, status, created_at, updated_at)
            VALUES (50, 87, 3, 'worker',
            DATE '2026-05-01', 'active', NOW(), NOW()) ON CONFLICT (id) DO NOTHING;
INSERT INTO project_members (id, project_id, user_id, role, join_date, status, created_at, updated_at)
            VALUES (51, 87, 15, 'lead',
            DATE '2026-05-01', 'active', NOW(), NOW()) ON CONFLICT (id) DO NOTHING;
INSERT INTO project_members (id, project_id, user_id, role, join_date, status, created_at, updated_at)
            VALUES (52, 87, 16, 'observer',
            DATE '2026-05-01', 'active', NOW(), NOW()) ON CONFLICT (id) DO NOTHING;
INSERT INTO project_members (id, project_id, user_id, role, join_date, status, created_at, updated_at)
            VALUES (53, 88, 15, 'worker',
            DATE '2026-06-01', 'active', NOW(), NOW()) ON CONFLICT (id) DO NOTHING;
INSERT INTO project_members (id, project_id, user_id, role, join_date, status, created_at, updated_at)
            VALUES (54, 88, 16, 'lead',
            DATE '2026-06-01', 'active', NOW(), NOW()) ON CONFLICT (id) DO NOTHING;
INSERT INTO project_members (id, project_id, user_id, role, join_date, status, created_at, updated_at)
            VALUES (55, 89, 16, 'worker',
            DATE '2026-01-01', 'active', NOW(), NOW()) ON CONFLICT (id) DO NOTHING;
INSERT INTO project_members (id, project_id, user_id, role, join_date, status, created_at, updated_at)
            VALUES (56, 89, 17, 'lead',
            DATE '2026-01-01', 'active', NOW(), NOW()) ON CONFLICT (id) DO NOTHING;
INSERT INTO project_members (id, project_id, user_id, role, join_date, status, created_at, updated_at)
            VALUES (57, 89, 19, 'observer',
            DATE '2026-01-01', 'active', NOW(), NOW()) ON CONFLICT (id) DO NOTHING;
INSERT INTO project_members (id, project_id, user_id, role, join_date, status, created_at, updated_at)
            VALUES (58, 90, 17, 'worker',
            DATE '2026-02-01', 'active', NOW(), NOW()) ON CONFLICT (id) DO NOTHING;
INSERT INTO project_members (id, project_id, user_id, role, join_date, status, created_at, updated_at)
            VALUES (59, 90, 19, 'lead',
            DATE '2026-02-01', 'active', NOW(), NOW()) ON CONFLICT (id) DO NOTHING;
INSERT INTO project_members (id, project_id, user_id, role, join_date, status, created_at, updated_at)
            VALUES (60, 91, 19, 'worker',
            DATE '2026-03-01', 'active', NOW(), NOW()) ON CONFLICT (id) DO NOTHING;
INSERT INTO project_members (id, project_id, user_id, role, join_date, status, created_at, updated_at)
            VALUES (61, 91, 20, 'lead',
            DATE '2026-03-01', 'active', NOW(), NOW()) ON CONFLICT (id) DO NOTHING;
INSERT INTO project_members (id, project_id, user_id, role, join_date, status, created_at, updated_at)
            VALUES (62, 91, 1, 'observer',
            DATE '2026-03-01', 'active', NOW(), NOW()) ON CONFLICT (id) DO NOTHING;
INSERT INTO project_members (id, project_id, user_id, role, join_date, status, created_at, updated_at)
            VALUES (63, 92, 20, 'worker',
            DATE '2026-04-01', 'active', NOW(), NOW()) ON CONFLICT (id) DO NOTHING;
INSERT INTO project_members (id, project_id, user_id, role, join_date, status, created_at, updated_at)
            VALUES (64, 92, 1, 'lead',
            DATE '2026-04-01', 'active', NOW(), NOW()) ON CONFLICT (id) DO NOTHING;
INSERT INTO project_members (id, project_id, user_id, role, join_date, status, created_at, updated_at)
            VALUES (65, 93, 1, 'worker',
            DATE '2026-05-01', 'active', NOW(), NOW()) ON CONFLICT (id) DO NOTHING;
INSERT INTO project_members (id, project_id, user_id, role, join_date, status, created_at, updated_at)
            VALUES (66, 93, 2, 'lead',
            DATE '2026-05-01', 'active', NOW(), NOW()) ON CONFLICT (id) DO NOTHING;
INSERT INTO project_members (id, project_id, user_id, role, join_date, status, created_at, updated_at)
            VALUES (67, 93, 3, 'observer',
            DATE '2026-05-01', 'active', NOW(), NOW()) ON CONFLICT (id) DO NOTHING;
INSERT INTO project_members (id, project_id, user_id, role, join_date, status, created_at, updated_at)
            VALUES (68, 94, 2, 'worker',
            DATE '2026-06-01', 'active', NOW(), NOW()) ON CONFLICT (id) DO NOTHING;
INSERT INTO project_members (id, project_id, user_id, role, join_date, status, created_at, updated_at)
            VALUES (69, 94, 3, 'lead',
            DATE '2026-06-01', 'active', NOW(), NOW()) ON CONFLICT (id) DO NOTHING;
INSERT INTO project_members (id, project_id, user_id, role, join_date, status, created_at, updated_at)
            VALUES (70, 95, 3, 'worker',
            DATE '2026-01-01', 'active', NOW(), NOW()) ON CONFLICT (id) DO NOTHING;
INSERT INTO project_members (id, project_id, user_id, role, join_date, status, created_at, updated_at)
            VALUES (71, 95, 15, 'lead',
            DATE '2026-01-01', 'active', NOW(), NOW()) ON CONFLICT (id) DO NOTHING;
INSERT INTO project_members (id, project_id, user_id, role, join_date, status, created_at, updated_at)
            VALUES (72, 95, 16, 'observer',
            DATE '2026-01-01', 'active', NOW(), NOW()) ON CONFLICT (id) DO NOTHING;
INSERT INTO project_members (id, project_id, user_id, role, join_date, status, created_at, updated_at)
            VALUES (73, 96, 15, 'worker',
            DATE '2026-02-01', 'active', NOW(), NOW()) ON CONFLICT (id) DO NOTHING;
INSERT INTO project_members (id, project_id, user_id, role, join_date, status, created_at, updated_at)
            VALUES (74, 96, 16, 'lead',
            DATE '2026-02-01', 'active', NOW(), NOW()) ON CONFLICT (id) DO NOTHING;
INSERT INTO project_members (id, project_id, user_id, role, join_date, status, created_at, updated_at)
            VALUES (75, 97, 16, 'worker',
            DATE '2026-03-01', 'active', NOW(), NOW()) ON CONFLICT (id) DO NOTHING;
INSERT INTO project_members (id, project_id, user_id, role, join_date, status, created_at, updated_at)
            VALUES (76, 97, 17, 'lead',
            DATE '2026-03-01', 'active', NOW(), NOW()) ON CONFLICT (id) DO NOTHING;
INSERT INTO project_members (id, project_id, user_id, role, join_date, status, created_at, updated_at)
            VALUES (77, 97, 19, 'observer',
            DATE '2026-03-01', 'active', NOW(), NOW()) ON CONFLICT (id) DO NOTHING;
INSERT INTO project_members (id, project_id, user_id, role, join_date, status, created_at, updated_at)
            VALUES (78, 98, 17, 'worker',
            DATE '2026-04-01', 'active', NOW(), NOW()) ON CONFLICT (id) DO NOTHING;
INSERT INTO project_members (id, project_id, user_id, role, join_date, status, created_at, updated_at)
            VALUES (79, 98, 19, 'lead',
            DATE '2026-04-01', 'active', NOW(), NOW()) ON CONFLICT (id) DO NOTHING;
INSERT INTO project_members (id, project_id, user_id, role, join_date, status, created_at, updated_at)
            VALUES (80, 99, 19, 'worker',
            DATE '2026-05-01', 'active', NOW(), NOW()) ON CONFLICT (id) DO NOTHING;
INSERT INTO project_members (id, project_id, user_id, role, join_date, status, created_at, updated_at)
            VALUES (81, 99, 20, 'lead',
            DATE '2026-05-01', 'active', NOW(), NOW()) ON CONFLICT (id) DO NOTHING;
INSERT INTO project_members (id, project_id, user_id, role, join_date, status, created_at, updated_at)
            VALUES (82, 99, 1, 'observer',
            DATE '2026-05-01', 'active', NOW(), NOW()) ON CONFLICT (id) DO NOTHING;
INSERT INTO project_members (id, project_id, user_id, role, join_date, status, created_at, updated_at)
            VALUES (83, 100, 20, 'worker',
            DATE '2026-06-01', 'active', NOW(), NOW()) ON CONFLICT (id) DO NOTHING;
INSERT INTO project_members (id, project_id, user_id, role, join_date, status, created_at, updated_at)
            VALUES (84, 100, 1, 'lead',
            DATE '2026-06-01', 'active', NOW(), NOW()) ON CONFLICT (id) DO NOTHING;
INSERT INTO project_members (id, project_id, user_id, role, join_date, status, created_at, updated_at)
            VALUES (85, 101, 1, 'worker',
            DATE '2026-01-01', 'active', NOW(), NOW()) ON CONFLICT (id) DO NOTHING;
INSERT INTO project_members (id, project_id, user_id, role, join_date, status, created_at, updated_at)
            VALUES (86, 101, 2, 'lead',
            DATE '2026-01-01', 'active', NOW(), NOW()) ON CONFLICT (id) DO NOTHING;
INSERT INTO project_members (id, project_id, user_id, role, join_date, status, created_at, updated_at)
            VALUES (87, 101, 3, 'observer',
            DATE '2026-01-01', 'active', NOW(), NOW()) ON CONFLICT (id) DO NOTHING;
INSERT INTO project_members (id, project_id, user_id, role, join_date, status, created_at, updated_at)
            VALUES (88, 102, 2, 'worker',
            DATE '2026-02-01', 'active', NOW(), NOW()) ON CONFLICT (id) DO NOTHING;
INSERT INTO project_members (id, project_id, user_id, role, join_date, status, created_at, updated_at)
            VALUES (89, 102, 3, 'lead',
            DATE '2026-02-01', 'active', NOW(), NOW()) ON CONFLICT (id) DO NOTHING;
INSERT INTO project_members (id, project_id, user_id, role, join_date, status, created_at, updated_at)
            VALUES (90, 103, 3, 'worker',
            DATE '2026-03-01', 'active', NOW(), NOW()) ON CONFLICT (id) DO NOTHING;
INSERT INTO project_members (id, project_id, user_id, role, join_date, status, created_at, updated_at)
            VALUES (91, 103, 15, 'lead',
            DATE '2026-03-01', 'active', NOW(), NOW()) ON CONFLICT (id) DO NOTHING;
INSERT INTO project_members (id, project_id, user_id, role, join_date, status, created_at, updated_at)
            VALUES (92, 103, 16, 'observer',
            DATE '2026-03-01', 'active', NOW(), NOW()) ON CONFLICT (id) DO NOTHING;
INSERT INTO project_members (id, project_id, user_id, role, join_date, status, created_at, updated_at)
            VALUES (93, 104, 15, 'worker',
            DATE '2026-04-01', 'active', NOW(), NOW()) ON CONFLICT (id) DO NOTHING;
INSERT INTO project_members (id, project_id, user_id, role, join_date, status, created_at, updated_at)
            VALUES (94, 104, 16, 'lead',
            DATE '2026-04-01', 'active', NOW(), NOW()) ON CONFLICT (id) DO NOTHING;
INSERT INTO project_members (id, project_id, user_id, role, join_date, status, created_at, updated_at)
            VALUES (95, 105, 16, 'worker',
            DATE '2026-05-01', 'active', NOW(), NOW()) ON CONFLICT (id) DO NOTHING;
INSERT INTO project_members (id, project_id, user_id, role, join_date, status, created_at, updated_at)
            VALUES (96, 105, 17, 'lead',
            DATE '2026-05-01', 'active', NOW(), NOW()) ON CONFLICT (id) DO NOTHING;
INSERT INTO project_members (id, project_id, user_id, role, join_date, status, created_at, updated_at)
            VALUES (97, 105, 19, 'observer',
            DATE '2026-05-01', 'active', NOW(), NOW()) ON CONFLICT (id) DO NOTHING;
INSERT INTO project_members (id, project_id, user_id, role, join_date, status, created_at, updated_at)
            VALUES (98, 106, 17, 'worker',
            DATE '2026-06-01', 'active', NOW(), NOW()) ON CONFLICT (id) DO NOTHING;
INSERT INTO project_members (id, project_id, user_id, role, join_date, status, created_at, updated_at)
            VALUES (99, 106, 19, 'lead',
            DATE '2026-06-01', 'active', NOW(), NOW()) ON CONFLICT (id) DO NOTHING;
INSERT INTO project_members (id, project_id, user_id, role, join_date, status, created_at, updated_at)
            VALUES (100, 107, 19, 'worker',
            DATE '2026-01-01', 'active', NOW(), NOW()) ON CONFLICT (id) DO NOTHING;
INSERT INTO project_members (id, project_id, user_id, role, join_date, status, created_at, updated_at)
            VALUES (101, 107, 20, 'lead',
            DATE '2026-01-01', 'active', NOW(), NOW()) ON CONFLICT (id) DO NOTHING;
INSERT INTO project_members (id, project_id, user_id, role, join_date, status, created_at, updated_at)
            VALUES (102, 107, 1, 'observer',
            DATE '2026-01-01', 'active', NOW(), NOW()) ON CONFLICT (id) DO NOTHING;
INSERT INTO project_members (id, project_id, user_id, role, join_date, status, created_at, updated_at)
            VALUES (103, 108, 20, 'worker',
            DATE '2026-02-01', 'active', NOW(), NOW()) ON CONFLICT (id) DO NOTHING;
INSERT INTO project_members (id, project_id, user_id, role, join_date, status, created_at, updated_at)
            VALUES (104, 108, 1, 'lead',
            DATE '2026-02-01', 'active', NOW(), NOW()) ON CONFLICT (id) DO NOTHING;
INSERT INTO project_members (id, project_id, user_id, role, join_date, status, created_at, updated_at)
            VALUES (105, 109, 1, 'worker',
            DATE '2026-03-01', 'active', NOW(), NOW()) ON CONFLICT (id) DO NOTHING;
INSERT INTO project_members (id, project_id, user_id, role, join_date, status, created_at, updated_at)
            VALUES (106, 109, 2, 'lead',
            DATE '2026-03-01', 'active', NOW(), NOW()) ON CONFLICT (id) DO NOTHING;
INSERT INTO project_members (id, project_id, user_id, role, join_date, status, created_at, updated_at)
            VALUES (107, 109, 3, 'observer',
            DATE '2026-03-01', 'active', NOW(), NOW()) ON CONFLICT (id) DO NOTHING;
INSERT INTO project_members (id, project_id, user_id, role, join_date, status, created_at, updated_at)
            VALUES (108, 110, 2, 'worker',
            DATE '2026-04-01', 'active', NOW(), NOW()) ON CONFLICT (id) DO NOTHING;
INSERT INTO project_members (id, project_id, user_id, role, join_date, status, created_at, updated_at)
            VALUES (109, 110, 3, 'lead',
            DATE '2026-04-01', 'active', NOW(), NOW()) ON CONFLICT (id) DO NOTHING;
INSERT INTO project_members (id, project_id, user_id, role, join_date, status, created_at, updated_at)
            VALUES (110, 111, 3, 'worker',
            DATE '2026-05-01', 'active', NOW(), NOW()) ON CONFLICT (id) DO NOTHING;
INSERT INTO project_members (id, project_id, user_id, role, join_date, status, created_at, updated_at)
            VALUES (111, 111, 15, 'lead',
            DATE '2026-05-01', 'active', NOW(), NOW()) ON CONFLICT (id) DO NOTHING;
INSERT INTO project_members (id, project_id, user_id, role, join_date, status, created_at, updated_at)
            VALUES (112, 111, 16, 'observer',
            DATE '2026-05-01', 'active', NOW(), NOW()) ON CONFLICT (id) DO NOTHING;
INSERT INTO project_members (id, project_id, user_id, role, join_date, status, created_at, updated_at)
            VALUES (113, 112, 15, 'worker',
            DATE '2026-06-01', 'active', NOW(), NOW()) ON CONFLICT (id) DO NOTHING;
INSERT INTO project_members (id, project_id, user_id, role, join_date, status, created_at, updated_at)
            VALUES (114, 112, 16, 'lead',
            DATE '2026-06-01', 'active', NOW(), NOW()) ON CONFLICT (id) DO NOTHING;
INSERT INTO project_members (id, project_id, user_id, role, join_date, status, created_at, updated_at)
            VALUES (115, 113, 16, 'worker',
            DATE '2026-01-01', 'active', NOW(), NOW()) ON CONFLICT (id) DO NOTHING;
INSERT INTO project_members (id, project_id, user_id, role, join_date, status, created_at, updated_at)
            VALUES (116, 113, 17, 'lead',
            DATE '2026-01-01', 'active', NOW(), NOW()) ON CONFLICT (id) DO NOTHING;
INSERT INTO project_members (id, project_id, user_id, role, join_date, status, created_at, updated_at)
            VALUES (117, 113, 19, 'observer',
            DATE '2026-01-01', 'active', NOW(), NOW()) ON CONFLICT (id) DO NOTHING;
INSERT INTO project_members (id, project_id, user_id, role, join_date, status, created_at, updated_at)
            VALUES (118, 114, 17, 'worker',
            DATE '2026-02-01', 'active', NOW(), NOW()) ON CONFLICT (id) DO NOTHING;
INSERT INTO project_members (id, project_id, user_id, role, join_date, status, created_at, updated_at)
            VALUES (119, 114, 19, 'lead',
            DATE '2026-02-01', 'active', NOW(), NOW()) ON CONFLICT (id) DO NOTHING;
INSERT INTO project_members (id, project_id, user_id, role, join_date, status, created_at, updated_at)
            VALUES (120, 115, 19, 'worker',
            DATE '2026-03-01', 'active', NOW(), NOW()) ON CONFLICT (id) DO NOTHING;
INSERT INTO project_members (id, project_id, user_id, role, join_date, status, created_at, updated_at)
            VALUES (121, 115, 20, 'lead',
            DATE '2026-03-01', 'active', NOW(), NOW()) ON CONFLICT (id) DO NOTHING;
INSERT INTO project_members (id, project_id, user_id, role, join_date, status, created_at, updated_at)
            VALUES (122, 115, 1, 'observer',
            DATE '2026-03-01', 'active', NOW(), NOW()) ON CONFLICT (id) DO NOTHING;
INSERT INTO project_members (id, project_id, user_id, role, join_date, status, created_at, updated_at)
            VALUES (123, 116, 20, 'worker',
            DATE '2026-04-01', 'active', NOW(), NOW()) ON CONFLICT (id) DO NOTHING;
INSERT INTO project_members (id, project_id, user_id, role, join_date, status, created_at, updated_at)
            VALUES (124, 116, 1, 'lead',
            DATE '2026-04-01', 'active', NOW(), NOW()) ON CONFLICT (id) DO NOTHING;
INSERT INTO project_members (id, project_id, user_id, role, join_date, status, created_at, updated_at)
            VALUES (125, 117, 1, 'worker',
            DATE '2026-05-01', 'active', NOW(), NOW()) ON CONFLICT (id) DO NOTHING;
INSERT INTO project_members (id, project_id, user_id, role, join_date, status, created_at, updated_at)
            VALUES (126, 117, 2, 'lead',
            DATE '2026-05-01', 'active', NOW(), NOW()) ON CONFLICT (id) DO NOTHING;
INSERT INTO project_members (id, project_id, user_id, role, join_date, status, created_at, updated_at)
            VALUES (127, 117, 3, 'observer',
            DATE '2026-05-01', 'active', NOW(), NOW()) ON CONFLICT (id) DO NOTHING;
INSERT INTO project_members (id, project_id, user_id, role, join_date, status, created_at, updated_at)
            VALUES (128, 118, 2, 'worker',
            DATE '2026-06-01', 'active', NOW(), NOW()) ON CONFLICT (id) DO NOTHING;
INSERT INTO project_members (id, project_id, user_id, role, join_date, status, created_at, updated_at)
            VALUES (129, 118, 3, 'lead',
            DATE '2026-06-01', 'active', NOW(), NOW()) ON CONFLICT (id) DO NOTHING;
INSERT INTO project_members (id, project_id, user_id, role, join_date, status, created_at, updated_at)
            VALUES (130, 119, 3, 'worker',
            DATE '2026-01-01', 'active', NOW(), NOW()) ON CONFLICT (id) DO NOTHING;
INSERT INTO project_members (id, project_id, user_id, role, join_date, status, created_at, updated_at)
            VALUES (131, 119, 15, 'lead',
            DATE '2026-01-01', 'active', NOW(), NOW()) ON CONFLICT (id) DO NOTHING;
INSERT INTO project_members (id, project_id, user_id, role, join_date, status, created_at, updated_at)
            VALUES (132, 119, 16, 'observer',
            DATE '2026-01-01', 'active', NOW(), NOW()) ON CONFLICT (id) DO NOTHING;
INSERT INTO project_members (id, project_id, user_id, role, join_date, status, created_at, updated_at)
            VALUES (133, 120, 15, 'worker',
            DATE '2026-02-01', 'active', NOW(), NOW()) ON CONFLICT (id) DO NOTHING;
INSERT INTO project_members (id, project_id, user_id, role, join_date, status, created_at, updated_at)
            VALUES (134, 120, 16, 'lead',
            DATE '2026-02-01', 'active', NOW(), NOW()) ON CONFLICT (id) DO NOTHING;
INSERT INTO project_members (id, project_id, user_id, role, join_date, status, created_at, updated_at)
            VALUES (135, 121, 16, 'worker',
            DATE '2026-03-01', 'active', NOW(), NOW()) ON CONFLICT (id) DO NOTHING;
INSERT INTO project_members (id, project_id, user_id, role, join_date, status, created_at, updated_at)
            VALUES (136, 121, 17, 'lead',
            DATE '2026-03-01', 'active', NOW(), NOW()) ON CONFLICT (id) DO NOTHING;
INSERT INTO project_members (id, project_id, user_id, role, join_date, status, created_at, updated_at)
            VALUES (137, 121, 19, 'observer',
            DATE '2026-03-01', 'active', NOW(), NOW()) ON CONFLICT (id) DO NOTHING;
COMMIT;